barbarian-oooh-huh,51分钟前,1.0版：对外武力殖民，本国消费停滞、就把多余的商品倾销到殖民地，又用殖民地的廉价原材料为本国资产阶级开源节流、攫取更多财富。1.5版：本国和殖民地连成社会整体，又发生上述的周期性危机。反复加大剂量，反复开拓更多殖民地。直到全世界都纳入了资本主义的版图、殖无可殖，开始抢夺其他资本家 ​,女,广东,25
深冬二月,3月13日 15:00,经验地看，不难发现，外资和民资的“躺平”是两个互相关联又有区别的现象，各自的“躺平”有各自的原因，也有一些共同的原因。总体上，无论是外资还是民资，“躺平”既有包括地缘政治、西方贸易保护主义等国际因素的影响，也有中国本身的一些内部因素的影响。——凤凰网资讯  ​,女,湖南,20
曼殊室利菩萨,3月13日 14:34,最近菩萨给人看命，人太多了，很多人都在问为什么卷得这么痛苦，而且完全看不到希望？其实这就是视角问题。2k年r家封建社会与资本主义的路线完全不同。r家这套东西是种菜，內割，资本主义则是不断地实现扩张和外部Z民，从其他地方割。印度主要是底层卷，西方底层 ​,男,上海,21
认知提升,3月13日 13:00,如何看透对方的心理？1.约你去私人影院的男生，多半是想打你主意。2.平时不爱发朋友圈的人，要么现实中很优秀，不需要寻求认同。要么就是没有生活，发不出朋友圈！3.无论男女，刚认识就叫宝贝，亲爱的。不是他多喜欢你，是他对不同人叫过很多遍。4.如果你和一个人相处感觉非常舒服，自己又能学 ​,男,广东,19
xbl187,3月13日 11:07,听游老的演讲《献给春天，献给你》有感。       人的前半生，最难的是见自己。见自己后可能有两条路：“躺平”和“进宅门”。       所谓“躺平”是指一些人见到自己后，害怕了，再也不前进了，听天由命了。还有一些人会在自己认知里惯性思维，做自己熟悉的事，反复做，没有创新，直到周期结束，做的 ​,女,江苏,22
Zhang呀呀呀zhen,3月13日 10:26,我觉得我是一个悲观主义者遇到事情，胡思乱想一番，哭一场，一切又都变好了但不是那样的。哭过也不会改变年纪轻轻的 有什么不能重新来过啊可是没有共同前进的人拥有躺平思想的，真的很苦恼 ​,男,上海,20
释尹兮syx,3月13日 09:34,王德峰说人到四十还不信命 此人悟性太差 。也有励志文案说： 人可以信命但不认命。那么不认命是对抗命运吗？恰恰相反，我反倒觉得是一种臣服。臣服不是妥协 也不是躺平摆烂 而是真正的能够产生觉察性 这种觉察深入到你的内在潜意识 通过业力程序去看见自己的问题 而当你真正的看见自己的问题并能够去超 ​,男,安徽,20
大祭司召唤师,3月13日 09:17,做猎头首先是激情，自我心态要明确。做猎头如果你仅仅是作为被迫去做的职业，那你一定做不好。做任何一份职业工作都要想清楚，自己想要什么？除了钱，这个不用去说，钱之外的东西，你要好好想想，是长期主义，还是做一次“一夜暴富”的梦就上岸躺平了。如果只是为了赚快钱、和苛求一个高底薪，忽略其他 ​,女,湖北,19
琦_双城生活,3月13日 09:00,今年的三八节看到一条信息，说中国目前有1亿剩女…有意思的是，作者认为这个结果是资本推广消费主义，即“女性负责消费，男性负责买单”，把普女捧成小仙女，造成普女择偶标准变得不切实际，而引发的结果…所以，世界上一切变坏的现象，都是“资本”这个反派来买单？        在革命之路这部电影了，男 ​,男,浙江,24
异邦骑士Q,3月13日 07:36,”反者道之动，弱者道之用”此话出自《道德经》如果这句话好好领悟并践行，生活中很多问题都可得到解决。如果生活中做某件事不顺，你不妨试着反着去做，这往往就是在遵循道，那么事情就容易做成。如果说我们从小就被灌输正确的观念为何我们还过不好这一生从小到大，我们被灌输的认知就是 ​,女,内蒙古,20
七一不李姐,3月13日 05:58,最近真的有点懒惰 这里想加个躺平的贴图 想好的2023年的总结也没写 趁着今晚睡不着连着最近的心情写一写吧我的第二次考编又以失败告终啦 实际上没有很难过 其实做好了这样的心理准备 这次没有让我很沮丧 从某些程度来说我还是进步了的 我非常善用精神胜利法嘻嘻我要把2023年分为上半年和下半年两个部 ​,男,广东,20
蕤玉12,3月13日 04:51,已经做好通宵失眠的准备了！本人读博期间小型深夜电台之，精神逆流episode1不定期由<寝室床>电台独家冠名播出本期主题：完美主义主持人：三无熊胆君嘉宾：想躺平的茂茂君茂茂君在持续一个月的抑郁状态后，在昨天晚上突然焦虑大爆发，失眠伴有躯体障碍。今天晚上接着焦虑，且症状加剧。在艰难小 ​,男,上海,19
河神求暴富,03月12日 22:31,同事几人按例小聚，三杯两盏后抒发心中苦闷，感慨怀才不遇，十年寒窗苦读，一朝金榜题名，在大城市与小县城之中选了后者，每个月拿着三五斗米，上层蝇营狗苟追名逐利，官僚主义盛行，下层通宵达旦无人问津。人各有命，躺平者才高八斗身名远扬扶摇直上，劳力者才疏学浅无人问津进退两难。因缘际会本可直 ​,女,江苏,21
剑九在凡界,03月12日 22:24,不管是大公司还是小公司，激发企业内部人员的积极性，都是一项很重要举措，当一种激励方式达不到效果时，就要想另外一种新的方式。想像一下，当机器人开始做完了人类做的事后，人类的动力在哪里，共产主义社会真的能到来？精神文明建设能达到理想状态？会不会直接躺平 ​,女,广东,19
悖论Nano,03月12日 21:46,偏偏今天取快递，听到老板朋友问老板那谁的孩子没了知不知道的只言片语，与话题形成对照。转了林老师和方脑壳老师的两条动态 方老师特别分享了英国维多利亚时期污染和疾病盛行，有钱人把孩子送到与世隔绝的庄园保护起来。 ​,女,江苏,20
小黄准时下班,03月12日 17:21,都工作这么多年了竟然还没适应这些形式主义嘴上说着躺平比谁都不敢轻易放弃，耗死自己好了 ​,男,广东,24
--幸福老汉--,03月12日 13:36,【苏东坡极通透的一首词，结尾10个字，看破人的一生】　　（槐序读诗  2024-03-12 00:01 于吉林）　　　　　　　　　　　01.　　并不是所有人都有大志向，非要功成名就，站到人生巅峰。　　如果可以“躺平”，不用担心柴米油盐，应该会有大把人愿意辞掉工作，认认真真去做 ​,女,北京,21
一定上岸过五四,03月12日 13:16,本来想着今天天气好，下午去重走一遍考前一天和华哥一起走过的龙门桥md结果跟我说除了手册还要写专业实习报告🤮受不了了又是形式主义吐了躺平摆烂第一天失败 ​,男,江苏,21
ST未来史学派,03月12日 13:01,美国从全世界挖人才，可为什么美国还是越来越衰落，欠债30万亿，大多数的人民也欠债，零元购越来越多？是美国在浪费人才还是这些人才本来就是滥竽充数？美国自己培养不出基础人才，从别国挖挖人才，本国的废柴躺平、失业、零元购。而中国培养的人才不仅满足了本国发展的需要，还可以对外出口，中国从二 ​,女,重庆,20
文字与诗,03月12日 13:00,如何看透对方的心理？1.约你去私人影院的男生，多半是想打你主意。2.平时不爱发朋友圈的人，要么现实中很优秀，不需要寻求认同。要么就是没有生活，发不出朋友圈！3.无论男女，刚认识就叫宝贝，亲爱的。不是他多喜欢你，是他对不同人叫过很多遍。4.如果你和一个人相处感觉非常舒服，自己又能学 ​,男,广东,26
vivi糖糖er,03月12日 12:10,3月12日｜金星进入双鱼座♓️        🔱神圣之流🔱在美丽的双鱼座♓️新月🌙之后，金星在3月12日凌晨的5点51分进入双鱼座♓️，这是她喜欢的位置，在这里我们体验到一股#神圣的灵感，一种温柔、富有同情心的、流动的能量。⚠️同时#灵性 、艺术 、大爱、传染病、精神疾病 ​,男,天津,22
卡拉布兰卡,03月12日 10:06,当前美国两党在对华政策上达成共识，事实上已进入新冷战美国对华为、Tik Tok、振华重工等立法进程均事实表现出美国已将中国作为假想敌，美国正在构建脱离中国的供应链体系，事实上不只是美国，以美国为代表的自由世界在进行名义上去风险实质上去中国化的进程，只是由于中国在过去几十年深度的参与了全 ​,女,辽宁,23
升值计,03月12日 09:41,你没有那么讨厌消费主义几年前，我有过一个很有名的论调，「决定一个人地位的不是取决于你能消费什么，而是取决于你能生产什么」。这句话伴随着自媒体的兴起，被无数人转载引用。但是很多人在用的时候，忘记了我的本意，我的原意，是指对个体而言，生产比消费更重要，创造价值者更容易成为社会的 ​,女,浙江,23
浅斟有泪,03月12日 04:22,失眠的第10086天，理想与现实碰撞，没有像小时候期待的那样对未来充满希望，理想主义被现实不断消磨，一个谎言需要无数个谎言去弥补，最终我成为了自己讨厌的样子，嘴上什么都说无所谓，内心比谁都想要，每次遇到不爽的事还要笑脸相迎，每次打开前置都觉得天呐什么丑逼，却总有身边朋友说我好看，嘴上 ​,男,江西,25
白果果171,03月12日 00:17,果然知识不用，就会忘记。资本主义工资本质：工人工资是劳动力价值或价格。工资表现为“劳动的价格”，或工人全部劳动的报酬，模糊了工人必要劳动和剩余劳动的界限，掩盖了资本主义的剥削关系。工资的主要构成是养活自己、养活家人和接受教育和学习的费用。而事实上大部分人仅能赚到养活自己的钱，满 ​,男,重庆,18
倘若我心中一荡呢,03月11日 23:28,看到有人说莱蒂的白女身份，我觉得很正常啊，因为白女就是这样的啊。或者说，白女很少不这样啊。反正平常就一直在忍受父权，就算抗争了也不一定会有好结果，说不定别人还会给自己多加点罪名，比如激进女权主义，比如男人婆，总之各种各样的东西，还不如直接躺平拉倒，反正生活也不愁吃不愁穿，当父权的 ​,男,浙江,19
微恋爱,03月11日 22:20,东亚女生趁早放弃对“关系”的幻想人到中年越来越明白，在东亚社会，优绩主义是贯穿于社会运行和人际关系始终的。 社会方面不用多说，从上学、工作，哪个环节不是这样： “社会与经济的奖赏应当依据才能、努力和成就这些优绩来决定。” 而人际关系方面，活得越久越觉得也是如此。 亲子关系： ​,女,广东,24
大宝决定很坚强,03月11日 20:50,适合与不适合，在乎中间的“度”，太强求其实没啥必要。三观与五官这种话题，你追求三观必然不需要啥五官，你追求五官，那自然三观也不重要。要是你两种都想追求，这个概率比中彩票还难。要求是挺高，但是前提是你也得优秀，要是不行，别人能看上你一眼也不错了。你要是问我为啥不想结婚？我就跟你们说 ​,男,广东,20
嘀哩嘟噜咚咚,03月11日 18:59,脑了个脑洞，记录一下，后面有机会就写！末世AU｜机甲｜微赛博朋克一心向上天选打工人瞎X跌落神坛彻底摆烂晃废土时代，机甲遍地。地表因为战争创伤彻底报废，小部分掌握了外星科技的人建立起空中之城，也就是历来被人诟病又心向往之的“上城区”。而我们的主角之一，君姐，人生乐 ​,男,湖北,21
橘子汽水桃子啵儿,03月11日 18:17,🍊2024年迟来的年运🍊ps：本来二月就想发这个运势，但是身体原因感冒了一段时间，现在才把剩下的稿子码完，简单说下2024年的运势和兔狮双人运势，纯属娱乐，切勿盲目对号入座。这次会着重讲下众生运和未来看好的行业方向，有兴趣可以看看 众生相关：2024年上半年经济环境依旧不 ​,女,河北,20
喑哑的铃铛叮叮当,03月11日 12:48,昨晚做梦，梦到伤害过我的男生回来跟我道歉，梦到自己拥有了魔法，还梦到什么已经忘了，但全都是从来没有梦到过的“好”梦。去年去深圳之后，我从小做到大的噩梦主题“被追杀”便开始发生变化，起先是我能够在梦里愉悦地逃跑，而不是焦急地找个容身之处躲避敌人，然后是我能够在梦里“反杀”对方，最 ​,男,上海,23
闽西日报,03月11日 12:30,【  | 市委组织部常务副部长陈文清：向中心聚焦 为大局聚力 以高质量组织工作服务保障闽西革命老区高质量发展】新春伊始，市委就对深化拓展“深学争优、敢为争先、实干争效”行动，打好2024年重点项目攻坚战役进行总动员、吹响冲锋号。“作为党委重要职能部门，组织部门将认真 ​,男,福建,25
聆听-记录,03月11日 02:09,感觉自己活得好拧巴自诩独立实际上总想依赖别人向往走遍世界但又不付诸行动很在乎感情却不怎么用心经营明明做着自己能得到的最符合预设的工作 可还是常常躺平其实拥有的已经不少 怎么还是觉得生活好苦 日子没有希望被我爸骂没有了斗志 好像确实如此可能因为理想主义者本人 宁愿玉碎也不要瓦全 ​,女,广东,18
郁金香辣蟹,03月10日 23:55,努力考去最烂的学校——积极的躺平主义者（开玩笑） ​,男,江苏,26
puppupBoogie,03月10日 23:31,xxqg取消排名意味着终于不用每天打卡学满了吧，从一开始摆烂的和老实打卡的两种人，到最后还是便宜了躺平摆烂的，呵呵…形式主义下永远倒霉的都是有底线坚守原则的老实人。 ​,女,江苏,18
Scalers,03月10日 20:29,人格中的闪光点人与人之间相互吸引、相互影响，很重要的一个原因是，你看到了对方人格中的闪光点。这种闪光点，要么能给你启发鼓舞，要么是你也想拥有的，对你有很强的价值。闪光点主要来源于人的品质，而更根本的在于一个人对自己的要求，尤其是在没有外界强制的情况下，你会主动做什么样的事情。 ​,女,北京,24
夹一点心,03月10日 16:09,我们家三只宝的性格很不一样的，从“食物”上就能看出来。妙妙（发财）属于理想主义派，很享受追逐的乐趣。比如把薄荷鱼饼干丢出去，她会疯狂跑起来寻找，但找到了往往不会吃，而是在“战利品”旁笔挺地坐着看向我，这时候如果再丢一个出去，她就要奔向下一个目标咯。如意属于现实主义派，不管什么 ​,男,浙江,26
王秋铭,03月10日 16:02,钟睒睒找不到敌人的，因为敌人是仇富 民族主义和嫉妒。 上天会给你很多考验莫名其妙的有时候，时刻知道自己的缺点是啥，你自傲的话就放低身段，你自私的话就替别人考虑，你独断的话就多听别人的意见。 按照自己的缺点反着来你就赢了。 钟睒睒这事越是努力翻转越不成，躺平安静的让价值回归本位，市场的 ​,女,北京,18
中科大胡不归,03月10日 14:28,欧美真的放弃电动车了吗？中国新能源车真正隐忧又在哪？原创 九边 九边 2024-03-08 10:30 山东戳蓝字“九边”关注我哦！这两天这个话题全网都在刷，有人幸灾乐祸，说是欧美都不玩了，就我们玩。还有人又赢了，说是中国新能源车已经把国外给卷崩溃了。我尝试认真写一篇吧。 ​,女,安徽,22
森林边的一颗树,03月10日 13:32,庞克，在中国开始逐渐的部分回归。“做自己”的简单信条开始在年轻人中弥漫开来。抛弃了庞克的简单粗暴的叛逆和外在的暴弃形象追求，也并不把三和弦主义放在眼里，更多的去思考无政府主义，反商业DIY在构建主义里的意义，同时希望抛弃贫穷艺术对自由主义的影响。。。在文化审美领域，特别是设计和音 ​,女,湖南,23
盛唐大李,03月10日 12:21,政府的紧日子要怎么过?两会期间中国财政部长表示，各级政府要有过紧日子的长期打算。这也让人思考政府的紧日子要紧在哪里，为什么必须过紧日子。1.政府要从思想上、机制上、行动上尽最大可能花最少的钱办最好最多的事。这就是政府办事效率和治理效能的问题。政府要减人减负提质增效。严格进行绩效考 ​,女,山东,20
DVD玉米排骨汤,03月10日 11:57,卷呗谁能卷得过你们啊，反正我美美躺平 ​,男,湖南,24
河北新闻广播,03月10日 09:31,【两会中国经济问答|如何增强民营企业“获得感”？——两会中国经济问答之五】近年来，针对民营经济发展中遇到的困难和挑战，从中央到地方，切实坚持“两个毫不动摇”，相关支持政策密集出台，为民营企业发展提供强大助力。然而，也有一些声音说“国进民退”“中国民营企业家躺平”“民营企业获得感不 ​,女,河北,22
felicitas44730,03月09日 22:32,还有很多人没看清这个制度的设计的狡诈之处，还认为只要勤劳就能过上好日子。首先，你勤勤恳恳工作挣来的钱被税收和各种费用砍去了一大截，工资再涨也涨不过通货膨胀，再者，羊毛出在羊身上，上涨的工资再通过通货膨胀进入游戏制定者的口袋。然后你辛辛苦苦地存钱建了“属于自己”的房子，然而你却要为 ​,男,德国,19
SashimiiTaec,03月09日 21:48,慢半拍的27感言📣今年继续和自己说：都可以👌🏼可以完美主义也可以躺平 可以平静也可以焦虑 可以圆滑得体也可以胡说八道任性发疯 可以今天明天后天每天都不一样 总之 随心所欲🫵🏻🥰 ​,男,广东,20
成思文化社群,03月09日 21:34,强者以结果为导向做事，而弱者则被情绪左右。 普通人的思维模式是：尝试→失败→花费大量时间消化情绪→再次尝试→失败→放弃→抱怨、恐惧→认命躺平。 强者的思维模式则是：尝试→失败→迅速调整情绪→总结经验→改进决策和行为→失败 →迅速调整情绪→总结经验→改进决策和行为→失败 →迅 ​,女,新疆,19
何谓自己,03月09日 20:53,继续刚才18：18分发布的没有写完的以截屏方式发布的微博。对于那些靠近自己的人，没有及早把他们往对我有心机有套路上去联系，他们的社会经验远远比我丰富，因为我虽然也有接触社会，但与人的交往非常少，很少听别人谈人们之间发生的事情，上网也晚，信息非常有限。其实对于那些有心机有套路的人，古往 ​,男,辽宁,20
造择比努力更重要,03月09日 20:05,强者做事拿结果；弱者拿情绪做事。普通人的逻辑：尝试→失败→花很多时间消化情绪→再次尝试→失败→放弃→抱怨、恐惧→认命躺平强者的逻辑：尝试→失败→快速调整情绪→总结经验→改善决策、行为→失败→快速调整情绪→总结经验→改善决策、行为→失败→快速调整情绪→总结经验→改善决策 ​,男,湖北,21
强势文化王叔,03月09日 19:51,强者做事拿结果；弱者拿情绪做事。普通人的逻辑：尝试→失败→花很多时间消化情绪→再次尝试→失败→放弃→抱怨、恐惧→认命躺平强者的逻辑：尝试→失败→快速调整情绪→总结经验→改善决策、行为→失败→快速调整情绪→总结经验→改善决策、行为→失败→快速调整情绪→总结经验→改善决策 ​,女,广东,24
傻小子5210060252,03月09日 16:50,为什么现在工资比以前高还越来越存不到钱了？  我给你算一笔账。  假设每个人都有100万，都大额存银行一年利息都有三万多，月收入近三千，利息已经够低欲望生活，那就没人努力工作，社会就不会发展了  且如果100个人存款合计一亿，对银行来说宁可让一个人一亿，另外99个为零，也比每个人100w要好得多。 ​,女,天津,18
马鹏程_关注人口问题,03月09日 16:17,理性的乐观和理性的悲观可以使人在理性考虑问题的同时得到更好的结果，乐观向上看待问题的同时也需要做出悲观的预测，并防止让一件事情发生走向不良的一面。就如同国家的政策制定一样，只保持乐观的估计而缺少悲观的估计，对于触发危机之时就得不到很好的应对措施，我们的新闻界前几年都是只管讲好听的 ​,女,陕西,20
Leonis07_Rnpg,03月09日 15:50,因为血稠喝不了奶茶在课间买了自己第二爱的蜂蜜水还吃了喜欢的冰激凌 在课上学不下去外加牙疼哭了 王洁给我了甜甜苹果汁 在考试前夕和朋友一起下课疯跑回宿舍四个人还买了爱喝的咖啡 我是暂时躺平享乐主义人 ​,男,北京,26
果酱叻,03月09日 15:28,置顶【“我”】这是一个追星专用账号，但逐渐发现追星的过程中不止有“星”，还有“我”。追星对我而言也是一个认识自己的过程，我喜欢和不喜欢什么，我会被哪些东西打动。生活中的客观因素让我套上现实主义的外壳，让我觉得赶紧躺平混吃等死一眼望到头也不错，但其实我知道我有一个理想主义的内核， ​,男,北京,18
鲁国平先生,03月08日 21:29,典型的误国误民论调，幸亏不是执政者，否则国家要被玩完。这种吃大锅饭的均衡主义思想早在五六十年代就证明行不通。努力得目的是什么？不就是想给自己和家人更好得生活？我努力了反而得不到应有回报，谁还想去努力，不如早早躺平，这样下去国家早晚玩完。多劳多得，凭能力（包括资本运作能力）赚钱的的 ​,女,上海,19
橙色袜子,03月08日 20:44,【贝壳成都故事】鲜花赠自己，纵马向未来 “内心丰盈者，独行亦如众”是成都链家城北大部少城区商业街店经纪人朵朵（彭月巧）很喜欢的一句话，来到链家的八年时间里，她也依循着这样的精神坐标，坚定地走着她想走的路，成为她想成为的人。 “月巧是很拼搏的，不像其他人可能看到她业绩好，觉得是运 ​,男,四川,20
思路清晰远比卖苦力重要,03月08日 17:25,一条很真诚的建议：不要因为没看见别人努力的过程，就觉得人家有个好爹，或者运气好天赋好，也不要因此对未来丧失信心，选择躺平。记住，努力的意义，是为了让自己对生活更有把控力。多用积极的心态去看待问题，运动了虽然没有瘦，但你也没变胖，而且身体更健康了吗不是？努力了也没超过别人，但你 ​,女,湖北,19
赵一木9311,03月08日 16:57,学习要谦卑，不能大男子主义，注重学习的过程，把这个过程当做让自己变好的途径，并不是撑过这段时间就好了。要心静，心静成为一种习惯，之所以有人能想到别人想不到的，是因为心足够静，心静之后会把细节放大，所以能比别人看的更加细致入微。而不是因为谁的脑子转的快，称其为“聪明”，这是假象。 ​,女,辽宁,22
音十夫人,03月08日 16:08,最近在体验全职主妇，可是我发现要做好并不简单。单单做到认真准备一日三餐、营养搭配就已经不容易（突然很佩服以前洋哥能每天下班买菜回来做一桌硬菜），更何况我这个完美主义还要想着法子让餐桌变得生动好看：水果先挖球再装回果皮、一块钱的豆腐兜在纱布里碾碎垒在草帽盘做出五十块的效果，中古风 ​,男,江苏,22
苏隼在写作,03月08日 15:54,跟人在网上聊天经常使用的表情包是能够体现出一个人的性格特征的，不知为何，微博给我推荐了很多“相亲男和相亲对象微信聊天”之类的博文，评论区下面全是女拳主义者的倾泄，我定睛一看，聊天用的最多的表情是：，我觉得这两个表情是性格自卑、不自信，非常敏感，特别在意别人感受的人聊 ​,男,广东,19
左右漫谈,03月08日 14:42,接上篇文章继续聊聊性别红利这个话题。这篇主要是答疑与补充，专门给零基础的人看的。1，什么叫父权社会或父权结构？非常简单，就是看一个女性是否能在这个社会能通过非雌竞类工作赚到钱，以及赚钱多少的具体程度。举个例子，我们的邻国日本，就是个典型的父权结构社会。女性的主要职业就是家庭主 ​,女,吉林,18
闽西日报,03月08日 14:00,【  | 市纪委副书记、市监委副主任陈龙仁：忠实履职尽责 护航高质量发展 不断擦亮廉洁龙岩金色名片】近日，市纪委监委召开全市纪检监察机关“三访三问三查”农村调查推进会，组织各县（市、区）纪委监委晒成果、比实绩、拼干劲。市纪委副书记、市监委副主任陈龙仁在接受专访时 ​,男,福建,26
肥肥小炸虾,03月08日 11:39,就早上说“妇女节祝劳动妇女节日快乐，不该规训妇女劳动”这事，我跟妇联的同志谈了谈，意见分歧其实还是挺大的妇联同志在我转了微博给她们看之后，更多的是不解，对，你没看错，是不理解。按她们的说法，“让妇女出来劳动，让她们认清劳动才是让自己独立的途径，这是为她们好啊，她们为什么不领情呢 ​,女,上海,20
请叫我富一代00505,03月08日 11:27,【贝壳成都故事】鲜花赠自己，纵马向未来 “内心丰盈者，独行亦如众”是成都链家城北大部少城区商业街店经纪人朵朵（彭月巧）很喜欢的一句话，来到链家的八年时间里，她也依循着这样的精神坐标，坚定地走着她想走的路，成为她想成为的人。 “月巧是很拼搏的，不像其他人可能看到她业绩好，觉得是运 ​,女,四川,25
桐城发布,03月08日 08:38,【顶压前行谋决胜——二谈贯彻落实全市高质量发展总结表彰大会精神】泉无压力不喷，人无压力不奋。推进桐城高质量发展，需要我们变压力为动力、化危机为机遇，在顶压前行、负重登高中决胜未来。毋容置疑，全市上下想发展的愿望很急迫，抓发展的干劲很坚韧，发展成绩也有目共睹。但是，与群众 ​,女,安徽,19
中医不神奇,03月08日 08:25,网络上爆炒的内容：1、躺平主义。2、不婚主义。3、快乐教育。4、九年制义务教育改为5⃣️年小学、2年初中2年高中，15岁即完成高中学业，可以更早的毕业进入社会。这几个内容毫无联系，但是放在一起看，逻辑其实是一样的。为什么一个政权能稳固，底层逻辑就是有意识的去施展愚民政策，只有底层人民毫无 ​,女,广东,25
轩师处世之道,03月07日 23:45,大世将熄 尚有余韵一）新时代年轻人追求恋爱自由，爱情至上，爱情比面包更重要，长辈要是干涉爱情，就是愚昧落后，老封建、老顽固。年轻人肆意嘲讽中年人油腻，保温杯里泡枸杞成了笑料，老东西们看着年轻人的脸色，心灰意冷。年轻人坚信靠父母就是软骨头，人要自强自立，白手起家，自己买房， ​,女,河南,20
教你做睿智人,03月07日 23:18,不要怕，30岁以后真正的人生才开始。要接受有些人就是晚熟。 年轻时花了很大的心力和被教育得过于乖顺的性格对抗，赚的钱也用来吃喝玩乐，口袋空空，30岁那年换城市回归老本行，几乎从0开始，但心态和20岁时完全不一样，多了从容也多了笃定。 我很喜欢30岁以后的生活，从鼓起勇气换城市那一刻起 ​,男,江苏,20
CocoUniversee,03月07日 23:00,看Adele演讲视频做交传，地狱级难度级别。刚开始我还觉得她口音挺有趣，后来有点笑不出来了，再后来我直接躺平。当觉得自己“不自量力”的时候，除了烦躁焦虑，也许可以灌输：完成比完美更重要的想法。哪怕尝试着开口去说，也比陷入情绪怪圈好。有时世界是大草台班子，所以有些事情不必苛责，过分完美 ​,男,四川,23
自由平静过一生0803,03月07日 22:39,我为啥还要手欠去看下那个伪女性主义XX的公众号文章和底下的评论….简直给自己添堵，你爱躺平躺平呗，我也躺平啊，但是我仍然能为贾玲的电影感动，我做不到但是我佩服她的能力、毅力和勇气，你们这种人就是自己做不到也得拉人家一起下水，认为贾玲的存在是凸显自己的无能，本质上还是因为你们在意，你 ​,男,安徽,25
十面埋伏·,03月07日 22:33,有点点难过 总觉得这个世界很多人都不幸福，每个外在光鲜亮丽，内心总是会有点别人不知道的事情 我身边好少人的家庭是完美的。为什么一定要大男子主义 为什么不能尊重孩子的意见，明明自己可以当作孩子的后盾，为什么不放手让他们去做呢，我不明白自己4.50都还想要重新创业确让她回小县城，我特别讨厌 ​,男,安徽,21
我欲因之梦寥廓-,03月07日 21:23,雅虎居然把“躺平”翻译成“寝そべり主義”，“寝そべる”意为“任意躺卧”“席地而躺”，哈哈，这下真成“躺平”了。把“躺平”理解为“拒绝内卷”“随缘”会不会好一点？“内卷”怎么说？“不条理な内部競争”？那么，“拒绝内卷”是“不条理な内部競争を拒む”。由此可得：“躺平主义”=“不条理な ​,女,广东,18
不如去亲吻月亮-,03月07日 21:22,毕业快两年了也真的觉得贸人好可怜……贸人大概可以分两种：第一种人在四年的竞争中大获全胜，他们认为是自己是因为能力强（包括但不限于学习能力、信息获取能力等）才在这套体系里卷到最前面并取得了胜利，由此产生极强的自信，认为其他人没做到是因为他们太差，并且会在生活中的任何事情上都利用此能 ​,男,北京,19
瑶墨墨yaomomo,03月07日 19:52,35岁，35条1/ 让过去的过去，让该来的到来2/ 走到人生终点还有勇气说：不后悔来这世界一趟，就很好了3/ 每个人来到这世界，都有各自要修行的功课。谁也别羡慕谁，谁也别觉得自己是天底下最苦的人。攒够能量，有力气能伸只胳扶一把的人，就扶一把，但千万别说谁能拯救谁。毕竟如果自己没有求生欲 ​,男,江苏,22
富婆我爱你,03月07日 18:13,《彭时宇》(30万确实很厉害呀)在我小学时就看过，小说写男主角像夏冬青一样存50万回三四线城市，就遇到小太妹，一系列剧情，就是，最后50万买了辆车在他们面前秀了秀。还记得小时候看故事会，一个男的他爸妈就是要穷养他，他很硬气出门吃苦耐劳，然后遇到个村花，就说要带她回他爸家讨个公道，说这车 ​,女,湖南,23
田橙子Tanya,03月07日 16:11,不要因为没看见别人努力的过程，就觉得人家有个好爹，或者运气好天赋好，也不要因此对未来丧失信心，选择躺平。记住，努力的意义，是为了让自己对生活更有把控力。多用积极的心态去看待问题，运动了虽然没有瘦，但你也没变胖，而且身体更健康了吗不是？努力了也没超过别人，但你也没下牌桌，没有被淘 ​,男,广东,22
股票财经-股市东方红,03月07日 11:22,昨天政府工作报告发布中国的GDP目标定为5%左右，而去年是5.2%，虽然比不上以前动不动8%那么多，但已经是吊打全球了。要知道在疫情之后，全球都在躺平比烂。比如2023年美国GDP增速为2.6%，欧盟增速仅为0.5%，法国0增长，德国是负的。而且他们的通胀更高，美国高达3.4%，欧盟更是高达5.4%。中国实现5.2 ​,女,广东,22
蔡福顺微博,03月07日 11:04,新质生产力的创新原则发展新质生产力的关键是创新，但创新的关键又是什么？关于创新，一直有两个力量：一个是市场化的创新，就是企业家群体、科学家群体的组合创新；另一个是政府主导的、举国体制推进的创新。在发展新质产生力的过程中，这个问题也非常值得思考。林毅夫老师与张维迎老师关于产业政 ​,女,贵州,22
王浅-芳香疗愈,03月07日 10:40,躺不平卷不赢，才是最难的状态。我常常对小伙伴们说要休息与放松，鼓励大家不必过度劳累，要学会享受和感知生活的美好，但这并不意味着我支持“躺平”主义。躺平和内卷的区别在于，躺平是为了充电和积攒力量，为了未来能更有动力前行。我们应细水长流，而非一次性耗尽自己。你不是一次性用品，而是 ​,男,北京,25
冰冷爱人紧致的钢门,03月07日 01:39,我现在给朋友推荐吊五，就会说它有一种古典主义的美，回归传统恐游，男主就是要又凑又地雷，一路od下去，不做绿叶就要抢c位。现在流行一些什么菜鸡咸鱼躺平主角才是邪门，估计是为了方便年轻人代入自己。为什么硝酸钾那么多黑，因为他太凑了，有些人无法代入自己就觉得他碍眼，但凡看看pv就知道男主的 ​,女,陕西,24
投机客马哥,03月06日 22:48,财富是有属性和等级的，分为几层：第一层：贩卖低附加值的劳动所得，例如农民、清洁工、外卖员、滴滴司机，等；第一层的群体的人生结局已经被设计好，无论再怎么努力，其收入永远和日常必需品开销相当，只要不跳出来，大概率一辈子在被人剥削的阶段打转；第二层：贩卖附加值高一些的打工人，例如白 ​,女,陕西,23
云婉康,03月06日 22:10,20240306杨天真分享过的几个搞钱逻辑，其实对我们每个人其实都很有借鉴意义。1️⃣首先你要先扪心自问一下，你是真的想搞钱，还是你只是想要钱本身。比如说一些其他行业的朋友啊，想搞点副业，我们会建议他们可以拍短视 频，他们嘴上呢表示兴趣满满，但回家之后呢，其实就不了了之了，要不然告诉 ​,男,广东,26
修医爱人,03月06日 19:59,｛ 抑郁？焦虑？并不可怕。｝抑郁症、焦虑症身体表征就是气血两亏，所以抑郁症焦虑症需要补气血，补阳气。高能量的人是不可能得这种病的。补气血补阳气就是要：多晒太阳，多劳动，多温暖自己，多通畅自己，保持正念，不垂头丧气，屏蔽悲观主义，把无用信息屏蔽掉，精力放在自己身上，活 ​,男,广东,20
七月麦浪翻滚连同草地直到天涯,03月06日 19:57,到上次为止的测试结果都是ISFP•  对自己不感兴趣的一切都淡淡的，接受度也高，践行“厌尊主义”  •  躺平大王，掌握技能：打断激将法和CPU施法，内耗不了一点  •  不太善于群体的察言观色，但喜欢倾听，会代入对方去思考，如果我感受到你需要我，那我会很幸福  •  虽然不是很自信 ​,男,河南,21
夏沫语嫣coco,03月06日 16:42,杨天真分享过的几个搞钱逻辑，其实对我们每个人其实都很有借鉴意义。1️⃣首先你要先扪心自问一下，你是真的想搞钱，还是你只是想要钱本身。比如说一些其他行业的朋友啊，想搞点副业，我们会建议他们可以拍短视 频，他们嘴上呢表示兴趣满满，但回家之后呢，其实就不了了之了，要不然告诉我，这个设 ​,男,新疆,18
Liza1-,03月06日 16:09,讨厌这个地方的主要原因，还是因为这个地方从小就用“涩会”这个“主义”来教育你，要有大局意识，集体主义。   从小学开始，就已经放弃对你个人权益和个人思维成长的培养而去教育人从小要为集体牺牲，要为大局主义着想。我们从小所所受的教育，不是为了把你培养成为一个多方面的有自己思想的人，而是 ​,男,广西,26
心理时空,03月06日 15:56,关于传统文化的几个问题心理咨询师  吴剑2024年3月6日中国人终于意识到中华优秀的传统文化的重要性，全国上上下下，老老少少，都是如火如荼，如饥似渴学习，研修。前几天，遇到几个准备在延平区建立传统文化研修基地的年轻专家，谈到传统文化教育，我说了一些想法。一、重视理论，轻视行动。老大说 ​,女,福建,20
哲学心斋,03月06日 15:14,关于“统一思想”和“解放思想”。按照对立统一的基本哲学方法，两者一定是共同存在，相互依附又相互独立且相互斗争的存在。统一思想才能更好的解放思想。而只有大部分民众的思想都得到解放，思想才能统一。这里就不得不提到贝克莱的“存在就 ​,女,浙江,18
朱不二,03月06日 14:23,很久没有联系的老同学突然来找我。原来是听了身边朋友的反馈，说他家的小学生在日本留学比在国内上学时开心了很多。同学又听他太太说，也有朋友告诉她相似的经历。于是夫妻俩有点心动了，但对日本不了解，想起了久居在此的我。聊了半个多小时，大概是因为国内的教育乃至就业环境越来越卷，看着每天早 ​,男,日本,21
爱秀贤的美丽可爱Yanli姐,03月06日 14:09,看到留学中介发的那么多崽纷纷踏入了景观设计的行列，录取的还都是哈佛耶鲁mit，真心感到唏嘘。读之前感觉自己是天之骄子，读之后纷纷转行。进入名校的景观设计，专业的学生一般会有三条出路，第1条毕业后发现极低的工资后经历一系列的挣扎，后躺平，第2条。挣扎考上了博士，在读完4~6年之后进高校，接 ​,男,河南,25
笨小滔428,03月06日 12:52,不要因为没看见别人努力的过程，就觉得人家有个好爹，或者运气好天赋好，也不要因此对未来丧失信心，选择躺平。记住，努力的意义，是为了让自己对生活更有把控力。多用积极的心态去看待问题，运动了虽然没有瘦，但你也没变胖，而且身体更健康了吗不是？努力了也没超过别人，但你也没下牌桌，没有被淘 ​,女,云南,22
恩施职业技术学院,03月06日 11:00,【我校召开党建暨纪检监察和师德师风教育大会】2月28日下午，我校召开2024年党建暨纪检监察和师德师风教育大会，深入学习贯彻党的二十大精神和习近平总书记关于党的建设和全面从严治党系列重要论述和指示批示精神，对照中央、省、州工作要求，巩固拓展主题教育成果，切实加强党的全面领导，坚定不移 ​,男,湖北,20
昨天和明天之间在哪里,03月06日 10:42,学习雷锋好榜样 传承文明精神放光芒       3月5日是学雷锋纪念日，各处都在举办学雷锋活动。毛主席在1963年3月5日为因公牺牲的英雄战士雷锋的题词“向雷锋同志学习”在《人民日报》发表。此后，全国广泛开展学雷锋活动。学雷锋是在学什么？一些人习惯把学雷锋等同于志愿服务，这其实缩减了雷锋精神的 ​,男,宁夏,22
Gump白开心,03月06日 09:17,2024.3.6周三。早晨还有些阴着天，临到出门前，天已经明亮的很，还有一些瑟瑟的春风，能感觉到太阳很努力了，还有几天，就不会再有零下的气温了。今天早上，我带着称心走的是以前带阿福走的路。和年长的朋友回忆了一段时光，顺带“针砭”的一下那些看不上眼的年轻人。是他们的错吗？ ​,女,辽宁,20
股海猎鲸术,03月06日 08:00,苹果战略惨败，暴露中美决胜最残酷的一面苹果终于放弃造车了！这项历时十年，斥资数百亿美元，被视为苹果公司有史以来最雄心勃勃的项目，以战略惨败而告终。然而，苹果造车项目的惨败，并非源于坊间所说的赛道内太卷，也不止是一家企业的失败，其背后的逻辑，直接将中美决胜最残酷的一面暴露在世人 ​,女,山西,26
田橙子Tanya,03月06日 06:51,一条很真诚的建议：不要因为没看见别人努力的过程，就觉得人家有个好爹，或者运气好天赋好，也不要因此对未来丧失信心，选择躺平。记住，努力的意义，是为了让自己对生活更有把控力。多用积极的心态去看待问题，运动了虽然没有瘦，但你也没变胖，而且身体更健康了吗不是？努力了也没超过别人，但你 ​,男,广东,20
CHOC_Muffin_,03月06日 02:19,刷热搜看到低质量躺平会想起之前女神说过有500万存款就不工作了，每个月利息就已经够基本生活了。一种很超前的精神状态（关于资本主义和消费主义以及看待感情的奇特角度好多都启蒙于她）包括躺平和自我实现，七八年前甚至都还没有这些词。在她之前我没有见到过任何一个人不工作，我的世界里就没有不工 ​,男,河北,19
庚白星君,03月05日 23:48,苹果战略惨败，暴露中美决胜最残酷的一面苹果终于放弃造车了！这项历时十年，斥资数百亿美元，被视为苹果公司有史以来最雄心勃勃的项目，以战略惨败而告终。然而，苹果造车项目的惨败，并非源于坊间所说的赛道内太卷，也不止是一家企业的失败，其背后的逻辑，直接将中美决胜最残酷的一面暴露在世人 ​,女,上海,26
我是小元同学,03月05日 23:11,互联网舆论阵营越来越多，不婚不育的早生贵子的，生儿子的生女儿的，生一胎的生多胎的，躺平的内卷的，消费主义的极简主义的，喜欢国货的喜欢进口货的，吃素的吃肉的……网友吵得不可开交，而缔造这些分歧的kol赚得盆满钵满，甚至背地里做着完全相反的事。咱得警惕，每个人的生活得自己掌舵，每一次左 ​,男,湖南,24
中环小师妹,03月05日 22:18,3月写点每年惯例的流水账式展望：大选年的金秋注定波动率上升，大家已经早早做好准备。既然有买vix、看空等对冲，市场自然会roll更比平时多得多的空头头寸，大选之后尘埃落定波动率下降，走势会更加明朗。3月财报+4月纳税都是传统波动月份，此外3月日本企业财年末结汇+4月日本新财年加息箭在弦上， ​,男,中国香港,20
觉醒的掌柜,03月05日 21:58,一条很真诚的建议：不要因为没看见别人努力的过程，就觉得人家有个好爹，或者运气好天赋好，也不要因此对未来丧失信心，选择躺平。记住，努力的意义，是为了让自己对生活更有把控力。多用积极的心态去看待问题，运动了虽然没有瘦，但你也没变胖，而且身体更健康了吗不是？努力了也没超过别人，但你 ​,男,湖北,23
cc是cc1996,03月05日 19:53,亲情友情爱情，人和人相处“三观和”真的很重要，比三观正还重要；比如你认为“生活要省吃俭用”，我认为“要在能力范围内给自己最好的”，这是价值观不同。你喜欢“平淡安稳的普通日子”，我要的是“拼尽全力走上社会巅峰”，这是人生观不同。你认为“世界是唯心的”，而我是坚定的唯物主义者，这是世 ​,男,北京,19
锦鲤大王,03月05日 17:46,转发这只锦鲤小神仙，你会一直莫名其妙享福！锦鲤小神仙是躺平主义者的守护福神，身上蕴含着对躺平生活的幸运加成力量。转发这位小神仙锦鲤，即是唤醒了其神奇的懒人福，为你打造一种“坐吃山永不空”的生活方式。随着转发的逐渐累加，你将会发现生活中的种种福气，总是莫名而至。 ​,男,福建,21
写书哥,03月05日 10:32,今天聊一下心流，这是每个人梦寐以求的状态，指的是在进行某项活动时，你达到的一种高度集中和愉悦的心理状态。在这种状态下，你会完全沉浸于活动之中，感到时间飞逝，同时伴随着高度的兴奋和充实感。人要感到幸福，有三种实现方法：1.吃甜食、打游戏、刷抖音，很多躺平的人就是这么做的，也能满足 ​,女,北京,21
晴川繁花,03月05日 10:11,为什么打个乌克兰，俄罗斯都需要这么久? 美国再找接盘侠，毕竟他的印钞机一开，就必然有人得接洪水，谁接谁就得倒。我们被威胁又被投毒，就是宁可一起唱凉凉，也没接。美国一看，凉谁也不能凉自己。于是挥刀四看。小日韩已经彻底摆烂。日本直接躺平献血，跟着升利率，装作国内一锅烂粥。可惜不够啊 ​,男,湖北,21
点老师头发多多,03月05日 09:01,长大一岁的证据：记忆力下降，如果什么事不记在记事软件上就会立刻忘记，例如昨天订蛋糕忘了付款，直到去拿才发现；以及忘了把小组展示ppt发给max老师险些酿成大错熬夜水平下降，只要前一天晚睡第二天肯定眼睑长小脂肪粒享乐主义与躺平心态上升，睡眠水平上升 ​,男,天津,22
NamericaJeno,03月05日 06:40,学会珍惜眼前的一切。不要在旅行的时候抱怨辛苦，在休息的时候抱怨浪费时间。珍惜旅行看到的美景，珍惜休息的时候身体和精神的体验。人生就会变得处处美丽处处动人处处可爱。享乐主义不是错，享受花钱，享受躺平，也享受奋斗，享受辛苦。因为一切体验都是时间换来的，没有一秒能够重新来过。所以一切都 ​,男,美国,18
妹宝绵绵冰啦,03月05日 00:00,自由与爱要离开万宁了 整理起来  才发现小陈真的拍了好多好多照片拍了一小些海 剩下的全是我 不管在哪 作为动物的一种 本质上拆解开来也只是吃饭睡觉日复一日活着 但照片是有心情的 记录下我们作为人类活着的心情才是生活的样子照片里大海分冬季夏季  天空也有阴天晴天 会让你记起从刚来时候 ​,男,山东,25
Pluviophile_XX,03月04日 23:28,刚第二周又心情不好了。上了整整一下午的水课，老师都快把自己讲睡着了。明明周三下午要科三模拟，上学期考的最差的科目的老师还要搞辩论赛，明天晚上又歇不成了。高数留的作业写一道不会一道。还有一堆别的事…………练会六级听力不一会儿就烦了。哎………感觉从去年冬天开始就一直萎靡不振的，很想躺 ​,男,北京,22
慕如翊云_专注摸鱼一百年,03月04日 21:46,好！一口气摸完和平主义亡灵巫师的鱼！然后躺平 ​,男,澳大利亚,20
富贵岛岛主金女士,03月04日 20:54,杨天真分享过的几个搞钱逻辑，我觉得对我们每个人其实都很有借鉴意义。1️⃣首先你要先扪心自问一下，你是真的想搞钱，还是你只是想要钱本身。比如说一些其他行业的朋友啊，想搞点副业，我就会建议他们可以拍短视 频，他们嘴上呢表示兴趣满满，但回家之后呢，其实就不了了之了，要不然告诉我，这个 ​,男,上海,26
平凡的阿愚,03月04日 20:26,年轻人躺平不是在犯懒，而是在执行非暴力不合作运动。你笑话印度人靠饿肚子闹独立。印度人要笑话你学资本主义往河里倒牛奶 ​,女,安徽,21
欢快葫芦丝,03月04日 20:23,校园形式主义问题的本质是高校行政与学术的矛盾建议高校行政岗也搞“非升即走”行政岗不应该带编制，应该外包给“专业人员”带了编制极容易让行政人员躺平，但行政本身应要求“高效率”与“服务性”如果大量学生对某些行政人员不满意，应该解聘该行政人员，如此可能遏制形 ​,女,湖北,26
小不不你,03月04日 20:06,为一件事情担心很久，没有任何意义，对事实没有任何改变；你在这件事情上耕耘多久，才是关键。很多人唧唧歪歪自己的痛苦，但是他是非常享受这个痛苦的过程的。他可以到处凭借此倾诉，也可以就此躺平，还因此心安理得。他是需要这个痛苦的。力量来源于哪。那就是不忍耐这个痛苦，下定决心要和它割席 ​,女,浙江,25
电动猩猩,03月04日 19:42,上周未去了天津南开的茑屋书店，看到一册拆了封的书，叫《六项精进》，是稻盛和夫写的，曹岫云译。先说前几日去超市的路上，我曾经对妻云，国内翻译的书籍可能要多多留心。妻问为什么？我说，举个例子，如果一群人只吃过鸡肉，但当其中的一个人吃过鸭肉。那么，他该如何向其它人描述鸭肉，是不是需要 ​,女,天津,18
唐国明_,03月04日 16:03,我们唯一拥有的只有此刻。一切都在指向此刻：著名作家唐国明诗意流半途主义 【学者、诗者、智者，集开创鹅毛诗、找到80回后曹雪芹文笔、半途主义、诗意流成就于一体，集文学家、哲学家、红学家于一身的著名作家唐国明作品】【节选自著名作家唐国明诗意流半途主义长篇《零乡》】 ​,女,湖南,19
DoubleDac,03月04日 15:59,交付美好，共赴未来 | 建业洛阳城市公司幸福交付计划发布会圆满举办建业洛阳 2024-03-01 17:02 河南 4人听过2月29日下午，建业洛阳城市公司2024幸福交付计划发布会在隐居大唐民俗酒店如期举办。城市公司管理层、各交付项目总经理、各界媒体朋友、合作单位、物业代表以及业主代表齐聚一堂，共同见证了 ​,女,河南,21
爱吃的小廖同学,03月04日 15:17,现在躺平任嘲，我接受自私的标签，说我是利己主义者也罢。反正我不会接受过大的压力、也不会负担谁的人生。在不伤害别人、不违反当地法律的情况下想做什么就做什么。我能把这些写在微博是想让别人也可以观察、参考这种想法，对自己好永远没错。 ​,男,广西,26
Wa7shtny,03月04日 15:17,上班跟同事吐槽杭州的坑爹医保，顺脚聊到了北京房价“大跌”、江浙捞女、江浙物质主义、国外农村躺平、中国乡村农业的残酷、自媒体账号人设等等……最有意思的莫过于捞女，这个词我是入职餐的时候第一次听到，在土京没有。捞女的人生目标是找到自己能力范围内最高的物质天花板，满足生理需求、提供 ​,男,浙江,22
河北新闻广播,03月04日 10:31,【钟华论：凝聚起高质量发展的强大信心和力量】迎着浩荡东风，“两会时间”再度开启。今年是新中国成立75周年，是实现“十四五”规划目标任务的关键一年。开好今年的全国两会，乘高质量发展之势、集攻坚克难之智、汇团结奋斗之力，必将凝聚起强国建设、民族复兴的强大信心和力量。（一）40天春运 ​,女,河北,20
天津河东网信,03月04日 09:32,【进入“两会时间”！钟华论来了】钟华论：凝聚起高质量发展的强大信心和力量迎着浩荡东风，“两会时间”再度开启。今年是新中国成立75周年，是实现“十四五”规划目标任务的关键一年。开好今年的全国两会，乘高质量发展之势、集攻坚克难之智、汇团结奋斗之力，必将凝聚起强国建设、民族复兴的强大 ​,女,天津,22
woaiasm,03月04日 07:49,《天花乱坠》一拆开就有一股类似巧克力味，内容也很香。作为人气教授朱国华首部演讲集收录了几十篇激情演讲，有数百个关于作者本人对生活难题的解释。这些高难度的人生逼问是有益的，把自己抛入一片片古老的思想战场，才能真正思考；关于生命的意义，关于知识的可能，关于道 ​,女,浙江,26
索拉大锦鲤,03月04日 00:45,珍惜身边扑腾的人。我保持定期交流的朋友里，有特别渴望生活有趣的，所以必须定期游玩和认识人，肉身再累也要让日子绚烂；有一边放肆玩耍一边全球配置资产的，随时关注国际动态，和一帮真正的长期主义保持交流；也有全球搞钱，一边抓着国内国外的项目，一边为养老计划做缜密规划……实话，我现 ​,男,北京,18
橘色半夏62583,03月03日 22:54,她们好像就像是蒲公英一样，随意的落在一个地方，散的到处都是，去一个不熟悉的地方和不熟悉的环境，不熟悉的人，重新开始要离开之前所熟悉的一切，之前身边的人也好，物也好。责任：1、女孩和男孩一样，都要有，承担起来父母责任2、男孩承担的责任主要全是来自他的所有，归根结底都是他的亲人，他 ​,男,甘肃,21
来微博冲浪吖,03月03日 22:03,一、金沙为了让小男友获取更多演出机会，他愿意与对方绑定低片酬出演项目，并帮忙作配。说实话，圈内很看不起他这卑微的样子，可他现在就是恋爱脑上头，哪怕自己会受到伤害，他也愿意接受。二、秦海璐在录完花哨舞之后，经常约成员们去他家里聚一聚，但几乎每次都凑不齐人，大家工作都忙。三、蒋其 ​,女,辽宁,25
鸟窝也是家,03月03日 21:58,不婚躺平主义蔓延到农村，是件很可怕的事情～ ​,男,广东,21
shuang爽心绘,03月03日 20:52,烦恼即是菩提当我们感觉到痛苦时候这并不是一件坏事反而是命运送给我们一件向好的礼物最怕的是我们正在遭遇痛苦却不自知变得越来越麻木不仁混日子鲁迅先生曾说过“哀其不幸 怒其不争”人性其实是非常害怕面对赤裸真相的“讳疾忌医”的心态让我们不敢接纳自己不完美的这个事实最终导致心理和 ​,男,山西,25
晴川繁花,03月03日 20:30,三和大神在其他国家，绝对是优秀的公民。不磕药，不0元购，没钱了就去挣钱，挣到钱了也不闹事，老老实实的躺平。然而在中国，却成了负面例子。中国人为什么活的这么累，本质上是已经被消费主义洗脑了。为了所谓的“生活品质”可以接受没完没了的工作，稍微不努力就有犯罪感。打个比方，我国每到 ​,男,湖北,23
小栗今天很开心,03月03日 16:04,近年来特别理解为什么成年人不爱发朋友圈不爱说话了 因为身心都被困在小小一方天地里 所见所闻所思所想都被绑架了 能看到的有限 能感受的麻木 如果不变得麻木 那么上班就会变得极度难耐 如果变得麻木 那么细微的幸福就会被忽略 更不要提精英主义说得 别把自己困在工作里 走出去看看 大哥 没钱没时间的 ​,男,上海,26
春分小米粒她爹,03月03日 15:44,湖南省委关于在全省开展解放思想大讨论活动的通知：十个“扭转”：根本扭转简单以GDP增长论英雄的速度情结；扭转不主动转变发展方式；不愿意承受转型阵痛的换挡焦虑；扭转一门心思在数据上“想办法”“造业绩”的造假冲动；扭转不顾风险乱举债、盲目跟风上项目、好大喜功铺摊子的路径依赖；扭转 ​,女,浙江,21
中国心理学家大会,03月03日 13:32,在《厌学个案咨询的常见议题及要点》圆桌对谈中，中国台湾高雄师范大学谘商心理与复健谘商研究所教授，中国台湾谘商心理学会理事长，1879项目实务总督导、授课专家徐西森；资深督导师；中国台湾心理健康促进协会理、监事；心理咨询及督导工作超过20年的傅嘉祺；资深心理 ​,女,北京,25
计蕾JiLei,03月03日 11:45,干事创业，挫折难免。越是艰难，越考验年轻干部的“成色”。只有拥有坚定的理想信念，才能在挫折中奋进，不至于遭遇一点不如意就选择“躺平”。这种信念传承，意味着要避免急功近利、片面计算“性价比”的狭隘心态。年轻干部具有很强的进取心、上进心，但也有一部分人在这种心态的驱使下，千方百计选 ​,男,上海,25
hardseat,03月03日 06:57,地铁里一直播放着乘客你好由于地铁台阶湿滑请您注意脚下安全，是那种小喇叭录音反复播放，两个喇叭对着放，还是半个月前下雪时放的内容，直到现在不变，整个地铁里贯穿着这形式主义的事实躺平操作 ​,女,北京,21
住进小学语文课本里的春天,03月03日 01:25,思考自己的出路不是一件多容易的事情。尽管我还年轻，尽管我还有握住机会的可能，但我自身的成长背景所塑造的我使得我并不有很大可能抓住这机会。我多少带点理想主义，最明显的一点体现在我会为了自己的热爱自己的想法一头扎进所有人都不看好的路里去，且十分倔，不听劝。然而也不是每时每刻都理想主义 ​,男,江西,21
与余ozo,03月02日 19:27,今天回去看了以前觉得很香的r，累酱的雷受是真的香wwwwww那种开始的时候说sao话，是真的很想要然后情不自禁摆出的姿态，参考逢场作戏里魔怔雷勾引安来帮他入戏的那一场，似乎是最早的r，那里的雷是真纯欲，会论是最初做自己的时候（后面雷进入感情线的忐忑和“破防”治愈都没再有这种真实展露偏执疯 ​,男,广东,21
thFlo,03月02日 15:24,#真正的爱国主义者—敬亚伦·布什内尔        当我第一次知晓他，是在朋友发的朋友圈中，我看着转载视频的小图，不免地以为又是哪位大人物在博取眼球。但阅读完他的文字后，我震颤不已。我以我浅陋的学识知晓了他的生平，他只比我大一岁，他曾是一名美国空军网络安全员和工程师，美国空军现役军官，或 ​,女,浙江,24
海曙检察,03月02日 13:58,【】 21世纪教育研究院院长熊丙奇告诉潮新闻记者，在我国国家层面，其实已经建立教师退出机制，即通过实施教师定期注册制度，让不合格的教师退出教师队伍。近年来一些地方教育部门探索的教师退出机制，是在教师定期注册 ​,女,浙江 宁波,19
昱桐-,03月02日 13:39,去年接了学科负责人，老师上来给俩字：折腾我还纳闷，他们不应该鼓励我才对嘛？现在才深有体会，团队有多难带。大家平日里交情都不错。私下客客气气的，现如今需要管理分配任务。各个都心怀鬼胎。各自为政，一盘散沙。说好听点是犬儒主义者，佛系躺平派，说难听点就是遇事逃避的利己主义者。问 ​,男,江苏,23
mbti测试_,03月02日 11:02,INFP如何自洽INFP，也被称为“调停者”，是一个复杂且深沉的人格类型，人格的特点是注重内省、情感丰富、理想主义、寻求意义和价值。以下是一些建议，或许可以帮助INFP实现自洽✨：1. 认识和接受自己：INFP通常会对自己的人生意义和价值观有很高的要求，因此了解自己的价值观和目标是非常重要的。 ​,男,江苏,23
时尚品文,03月02日 09:51,人本主义疗法、认知行为疗法、精神分析疗法的原理是什么？这是目前最流行的心理咨询三大流派，我国的心理咨询师，95%以上都是用这三种疗法中的一种，有的还整合了，现实也是最少有95%的咨询都是无效或低效的。人本主义疗法是美国的罗杰斯提出的，强调的是以人为本，尊重人，认为人有自我实现，自我康 ​,女,四川,22
宝玺哥,03月02日 06:52,最近做了一个影响深远的决定--搬家        这个想法由来已久，促使下定决心的因素有很多，最主要的只有一条孩子上学后遇到的老师都很负责，孩子的学习成绩也凑合，原本想就这样吧，已经比我小时候强多了。但是关于教育的问题，不想不知道，稍加思考就觉得，真是要做出改变：        第一、不谋长 ​,女,山东,24
罗瀚西,03月02日 01:08,看了十三邀对话项飚，这是相当炸裂的一期。老尚之前就非常推崇项飚，要建立附近，要对话云云。而我现在有更为深入的体会。现代社会呈现出自我与宏观的国家社会之间的割裂性。中间缺少的便是附近。附近就是比你本身更大一级的，周边的现实环境，就是这一种在地性。我们生活在一个怎样的社区或者村落，社 ​,女,湖北,25
密语是一碗牛肉面,03月01日 22:44,烂透了 太烂了 形式主义泛滥 到底是怎样的生存状态根本没有人管没有希望 只有躺平！ ​,男,山东,22
本愿与野望,03月01日 21:33,之前看到一个短视频很有意思说是那代小孩长大后会很幸福吧可以继承四套房子（独生子女），我觉得有点可笑，高房价可以税你，以后房价税不动了会让普通人躺平吗？房产税不就是给这样的准备的吗？几千年前的老登就制定出弱民强国了，你还想屁吃所以还是赶紧让我们一起为共产主义事业奋斗吧～ ​,女,北京,23
蔡福顺微博,03月01日 21:25,湖南省委发起解放思想大讨论吓坏了西方媒体原创：司马平邦 司马平邦说 欢迎收看《司马平邦说》。想不到这个春节刚刚结束，一条关于“解放思想”的消息却震撼了西方媒体，其实，我们平常在新闻里听到解放思想这样的字眼实在是不要太多，但惟独这条消息，却在西方媒体上引起了巨大震动，我观察，这条 ​,女,贵州,26
溜溜漾清清,03月01日 19:56,精致利己主义已经习惯了努力有回报但是面对了努力了回报开始变得不确定果断躺平无欲无求谁说躺平不是一种精致的利己主义呢？明明是春天每天都有新的不开心 ​,男,内蒙古,21
之江潮,03月01日 18:45,【】 21世纪教育研究院院长熊丙奇告诉潮新闻记者，在我国国家层面，其实已经建立教师退出机制，即通过实施教师定期注册制度，让不合格的教师退出教师队伍。近年来一些地方教育部门探索的教师退出机制，是在教师定期注册 ​,男,其他,23
卧龙观势V,03月01日 18:26,2月买了藏品花了3万，主要就三个宝贝，青铜神树、青铜大立人和霁蓝釉白龙纹梅瓶。这两年数字藏品大概砸进去100w，目前残余价值预估不到50w，投资失利一开始不懂，藏品发行又少，见到就是买买买，到现在，归零的归零，跑路的跑路，经营不善的躺平，买了很多目前都卖不掉，潮水退去就知道 ​,女,安徽,20
浙江日报,03月01日 17:05,【】 21世纪教育研究院院长熊丙奇告诉潮新闻记者，在我国国家层面，其实已经建立教师退出机制，即通过实施教师定期注册制度，让不合格的教师退出教师队伍。近年来一些地方教育部门探索的教师退出机制，是在教师定期注册 ​,女,浙江 杭州,21
地中海之鹰VULTURE,03月01日 15:25,为啥？被忽悠了呗，整天刷短视频刷得都不会自己思考了，别人怎么带节奏自己怎么跟风。现在女权主义兴起，很多女性急于表现出女性的独立自强，因此很容易被激将，因此非常容易被忽悠。而男性现在不值钱了也躺平了，不好忽悠所以榨不出啥油水，骗子都懒费功夫得去骗。 ​,女,四川,26
光启书局,03月01日 13:38,《文豪野犬》中那位手扶眼镜框，体术高超、认真却又暴躁的理性主义者国木田独步，你知道现实中的他是怎样的吗？他是一位热爱大自然的田园小说家，是一个被动又主动地与热闹的世界保持着距离的独步吟客——国木田独步。◆收录于光启明治文学经典，风格迥异的三位作家，以爱情、理想、欲望呈现现代日本 ​,男,上海,26
炎热的瘦虎,03月01日 12:26,看到了一篇维舟写的文章——《极端男权主义者孔子》，很有意思。孔子曾经说过，唯女子与小人难养也，近之则不逊，远之则怨。作者觉得，这不就是回避型人格吗？你对他们太好了，他们厌烦，离他们远点，他们又不高兴。之所以如此，原因在于这些人在一个家长制结构里，实际上被视为儿童，既不能得到平 ​,男,湖北,19
房县文旅,03月01日 11:00,“为自己赢一次”击中你了吗今年春节假期期间，浙产电影《热辣滚烫》拿下票房冠军，并跻身中国电影票房总榜前二十。与此同时，电影引爆的话题也持续不断，更有公司买下电影全球发行权，不久后，这部电影有望在海外上映。作为一部聚焦小人物努力完成蜕变的励志电影，影片想传达的一些观念也引发广泛 ​,女,湖北 十堰,25
和樱桃山竹精进叭,03月01日 10:44,昨天回家的路上我说如果我在说我人生的重要时刻都要宴请宾朋，要大家齐声喝彩，爸爸妈妈说当然可以了，本命年是我思考人生的开始，去年对人生有了很多新尝试。我必须承认在过往的24年里没有自我意识，只是在父母的庇佑下偷懒享受，凭借着运气达成符合社会认知的普通女生形象，我似乎都不知道我喜欢什 ​,女,吉林,26
价投人生张张,03月01日 10:30,长期主义优秀的投资人，其实可以躺平悠闲地生活工作，什么都不干，只需要利用市场情绪，持续的大量吃进一些优质的品牌中药印钞机的股权，静静的等待，十年花开。但是，绝大部分人不会这样做，而是起早贪黑，天天查看市场波动，频繁交易。舍近求远，舍简求繁，放着大好稳定复利增长不买，而要去市场 ​,男,辽宁,26
拾荒者的收藏家,03月01日 10:29,今年的目标：（尽量）选择躺平摆烂（尽量）放下完美主义（尽量）不去为难自己（尽量）选择缺德人生 ​,男,河北,18
草民插头,03月01日 09:12,独自在山上过了个春节，新年伊始，一位老朋友送来了意外的惊喜——他竟然不辞劳苦，自驾奔波跑来陪我过元宵节。幸好，他进山的时候，雪刚化了，路上也挺顺利。一人一杯酒，相对而坐，围炉夜话的时候，有一句没一句的闲聊。不知怎么的，就说起“德不配位”这个话题。其实，中国人骨子里是有精神 ​,女,江苏,18
星座於奇門,03月01日 07:38,那些高喊要无条件接纳孩子的专家实际是彻头彻尾的骗子一个家长说，孩子躺平摆烂，我听了专家的指导，努力学习，改变自己，各方面都改变了，孩子还是没有变化。另一个家长接着说，我家孩子是改变了，但是往坏的方向变的，躺平摆烂更严重了。在中国，这样的家长大有人在，他们看着烂如泥的孩子，看不到 ​,男,山东,21
柒麦儿,03月01日 07:29,最近就是忙碌且充实，想上进又想躺平，理想主义与现实残酷并存。 希望一天能有48小时的第n天  ​,男,福建,18
沐紫-爱生活,03月01日 07:12,上班不是一个人的事情，代表了一个团队的精神面貌，当然穿搭也会影响自己的心情。什么躺平，什么对女性的束缚，这种字眼一看就是女·拳主义想出来的。 ​​​,男,北京,18
hApPyVaMpIrE,03月01日 03:00,兴冲冲跑到hotel desk，结果被告知我只能参加City Tour，不能享受免费酒店。最后，地勤的工作人员塞了张餐券给我，让我明早上7点再来报团。薅资本主义羊毛怎么这么难，姐不要吃饭，也不想再见伊斯坦布尔一面，姐现在只想要一张能躺平的大床谁懂啊！ ​,男,安徽,26
Mm___er,03月01日 00:38,又开始焦虑了 没什么活头 好无聊啊 又开始焦虑的躺平了 本来是没什么感觉的 这两天我妈老催我找工作 学习 这一类的事情 又开始焦虑了 为什么人生就是要一直被推着走啊 我知道我改变不了世界 改变不了社会 改变不了规则 现在不找工作后面可能会被淘汰 但我真的觉得一直被push 好像停下来是在犯罪 为啥要 ​,女,山东,25
小萌爸看盘,03月01日 00:32,今天的政治局会议给两会定了很好的基调啊，老胡看了真是很振奋。加上今天股市大涨，迅速反包了昨天的跌幅，似乎表明现在一跌下来就有资金进场抄底，市场环境和心态都有了显著变化，感觉全社会的信心在重新聚集起来。 ​​政治局会议要求今年切实增强经济活力、防范化解风险、 ​,女,广东,18
CaptainNeverMore,02月29日 22:23,又是一个四年。感情状态依旧是一个人行走在时间的长河，内心成了坚定的幸福主义。事业方面选择了躺平并没有事业心可言。生活方面平平无奇，间歇性努力和持续性道系并存。真好啊又活了四年，前方的路未知但我并不害怕彷徨，当下的路无趣但我会自我寻找快乐的方向，过去的路已成回忆但我偶尔也会回忆过往 ​,女,浙江,19
天蝎哥的小狮子,02月29日 18:38,我就是过过嘴瘾哈我要是真彻底躺平了我哥立马就能飞回来让我真下不来床用我哥的话说我本来就是一个有野心有点能力但是欠揍的人可塑性强但是享乐主义太重今天放纵大劲了已经让我哥很不开心了本来这次飞回来他是想陪我见证的不想开心完再结结实实挨一顿虽然也跑不了但是起码态度决定力度嘛 ​,男,辽宁,24
豆花饭鳄鱼,02月29日 17:12,论酒后和暗恋对象表白结果第二天失忆这件事。       你觉得李泽言今天有点奇怪，平日里稳坐前三排的学习楷模，突然“堕落”到和你这个躺平派坐一起，虽然被老师注视的频率上升这件事实在是汗流浃背，不过暗恋对象突然坐在自己身边，这从哪个角度看也不是什么坏事。     ​,女,吉林,18
赤壁发布,02月29日 16:22,【赤壁市委经济工作会议暨全市三级干部会议召开】2月28日上午，赤壁市召开2024年市委经济工作会议暨全市三级干部会议，会议坚持以习近平新时代中国特色社会主义思想为指导，认真贯彻落实中央经济工作会议和全省奋力推进中国式现代化湖北实践大会精神，总结成绩，表扬先进，部署工作。进一步动员全市上 ​,女,湖北,21
锯子姐,02月29日 12:24,【孩子不想上学】早上和恩恩聊天：恩恩说：妈妈我不想上幼儿园，边哭边说，老师们不让我们玩玩具，可是我就是好想玩玩具啊，老师还骂我，我不想睡觉，可是老师非要让我们躺着睡觉，越说哭的越大声了……我什么也没有说只是抱着他更紧了，不停的亲吻他的额头，任他把情绪发泄完……一波接着一波，想 ​,男,陕西,20
梦回江乡,02月29日 11:55,离全面躺平仅余99天，终于瘦身成两位数了，挺好。这个形式主义泛滥，人情凉薄功利的职场实在不值得留恋，尽管我是公认的优秀班主任与优秀教师，但于我心深处早已滋生退隐之欲望。躺平后不评价不计较不理会任何起伏跌宕的得失荣辱。一切顺其自然，我自心安就成？ ​,男,湖南,21
何威威威vivi,02月29日 10:12,玩梗需适度“公主请上车”“公主请上课”“公主请用膳”……在当下的社交网络，狠狠刮起了一股“公主风”。“公主请”这句台词的原型源于经典老电影《罗马假日》，而“公主请”成为网络梗，则源自抖音上的一则搞笑视频。视频中一位父亲骑车接女儿，女儿却表示“你说‘公主请上车’”，谁知父亲并未惯 ​,女,贵州,20
彧亓丶,02月29日 02:06,币果然大起大落 还好我躺平主义 ​​​  ​,女,中国香港,18
水拥抱着风,02月28日 23:49,小红薯确实是消费主义大本营了，秉持“今朝有酒今朝醉”的态度，对未来失望，对现况躺平，简称为悲观的乐观主义者。但以我对学校年轻教师的观察来看，有储蓄意识的仍然占绝大多数。聪明的孩子已经在省钱了，瓦可不能再被骗了就是对男生了解太少了，好奇现代男性的脸谱画像。 ​,女,广东,20
manchebusite,02月28日 23:44,日韩南拳女拳的泡沫时代教训：1.风险转嫁逻辑链：经济上行时女性进入都市并拥有了职场上一定的话语权—-一部分将女权独立与南拳对立——男性利用“平等”概念，反将一军——-真正受益者不是女性提出者，而是利用这一概念的男性群体选择用魔法打败魔法，彻底躺平——泡沫时代由于蛋糕不够分，女性在职 ​,男,四川,20
月亮没有脚-,02月28日 22:29,24.2.28明天二月最后一天！翻到去年的微博，真的有眼无珠，我是什么神经病受虐狂，太年轻了不知天高地厚那天说要多大的教训才能让他们醒悟学会换位思考和尊重，今天才觉得，多大的教训都不会，只要没有发生在自己身上，他们永远不会明白，他们会觉得ta想不开，觉得幼稚，觉得可惜，觉得没有必要，再 ​,男,重庆,26
Corry忆8,02月28日 19:31,虚无主义是年轻人躺平的原因吗 ​,男,江西,26
柳下再会123,02月28日 18:31,奔驰宣布放弃新能源计划，苹果取消造车……和此前的疫情应对一样，腐朽没落的资本主义社会就是扶不起来的阿斗，哪怕有天朝一骑绝尘，给做示范、树标杆，指明方向，他们还是自暴自弃，走上了躺平、摆烂的路子……唉！多年以前就说过，全球暖化教义，及由此催生的各种新能源产业，本质上不 ​,女,河北,22
shuang爽心绘,02月28日 16:48,性格缺点从来都是伪装成优点让我们认同shuang爽深层性格解析疗愈1.捋顺当下问题卡点（人际关系）2.厌学.躺平.迷茫.找不到满意工作（人生方向）3.认知升维格局经纬破圈（事业愿景）特别声明：高自尊 自大 没有谦卑心内心极其脆弱者 疗愈前没有勇气胆量直视接纳自己丑陋一面的完美主义者请谨慎 ​,男,山西,26
foreverinspring-,02月28日 12:21,曾经有段时间觉得自己是能力很强潜力很大的人，也认可多做事情换来更多的权力，甚至赞同并读了很多功利主义的书。现在我只觉得自己好吃懒做，下辈子一定不当什么队长组长负责人，老子只想摸鱼躺平美美吃饭睡觉！！！！！！！ ​,男,北京,23
姜来姜不赖,02月28日 00:01,为理想主义躺平 ​,男,浙江,20
Power-cindy-,02月27日 22:20,无意中翻到了以前的学习计划现在简直是躺平主义者 ​,男,广东,24
心虹桥,02月27日 20:32,窃以为，“减负”并不是让教师工作量大幅度减少，甚至躺平。而是要合理安排教师的时间，多花时间在教育学生方面。不要在各种形式主义中浪费时间！ ​,女,安徽,26
枕玉__,02月27日 19:32,不喜欢这种虚浮的理想主义，我承认享受生活很幸福，但这一切都要建立在坚实的物质基础上，但对大部分人来说物质是要靠自己争取来的，躺平的是少数。不在图书馆当奴隶，那未来从哪里来？我当然不喜欢这样，但是我有什么办法 ​,男,浙江,25
兜兜的姐姐,02月27日 18:02,力所能及 就可以了 别太激进 适当躺平嗯嗯 千万别完美主义者 工作而已 ​,男,浙江,24
不太安静,02月27日 14:29,在社会发展的死亡漩涡中，每个人都在邪恶化资本主义、批评制度、控诉不公、痛斥道德败坏、怀念朴素的公序良俗。可心里的算盘都充满了膨胀的私欲，老年人因不劳而获、张口PUA的有意识剥削，变得越来越不是东西，可你以为年轻人就都是好东西么，躺平且无意识的丛林思维，出点事就喊打喊杀，没有任何求同 ​,女,陕西,21
edenling,02月27日 00:02,发现我的每次思变都是源于不想干了要躺平，可结果都是接更多活儿，上更多责任。最近打算辞职歇一歇，养好身体顺带提升一下艺术修养，但如今感觉有个班上是防止我进一步过劳，真辞了活儿就太多了。（但还是要辞，高福利均贫的资本主义社会里打工交税没出路，必须自己当老板，再不济也要自雇）（说是 ​,男,英国,22
liangboshi,02月26日 17:14,正文(133)       消极无为、好吃懒做、混迹于社会之流、躺平啃老者等的时风。这些人是社会民众中的极少数。他们每天无所作为地混迹于社会，不劳动或不热爱劳动，不断散布消极无为、刻苦学习和努力工作没意思的论调，崇尚享乐主义，躺平混日子，甚至小偷小摸、不劳而食、违规犯错，依靠政府救济或他人 ​,女,河南,23
一包海苔,02月26日 10:46,很多大道理我觉得大家听听就得了，有的人说工作就是要卷要拼搏，也有人主张躺平主义，可这根本没有对和错的分别啊，就是个人选择不一样而已。书中自有黄金屋，但老话也说读万卷书不如行万里路，每个人生长环境不一样，像我这种平常在微博是一顿乱发的人哪里知道你是适合读书还是适合行万里路呢。今 ​,女,海南,22
泊放品牌,02月26日 10:31,极简护肤爱美爱卷的极简主义者怎么护肤？症状：爱美，爱卷，美丽路上决不躺平肤质：混干除了这些之外我今年开始尝试yi美做过光子嫩肤和水光💉个人觉得效果还是不错的但皮肤状态除与护肤保养品相关外与生活习惯、心态情绪、饮食其实也息息相关因为比起品牌我更加关注成分当然 泊放的护肤 ​,男,上海,21
我就三板斧,02月25日 12:57,北京房价开始翻车了，听说南三环丰台卖了一个才3万多一平米。随着高层建筑火灾，高层的房价可能再次翻车。00后的消费观念变了。精致利己主义和躺平思想并存。能不找工作就不找工作，能不结婚就不结婚，能不生娃就不生娃，能不买房就不买房子！能凑合就凑合，拒绝背负房贷车贷一辈子喘不过气来。北 ​,女,北京,22
浩克第一Beauty,02月24日 21:11,上一个小品反映了年轻人窝囊无奈在劳动法的边缘狂擦 这一个小品基层摆烂躺平大搞形式主义 这不是与大好形势不符了 这简直就是要造反 ​,男,山东,18
Winterssky,02月23日 20:41,厌倦人类社会的条条框框搞那么多法条就是人类的自我折磨有意义吗 没有 就是底层打工人的互相折磨而已 何必互相为难呢真是 一起团结起来躺平干活不好吗 一个简单的清算 开曼法能整出20条规定 每条都是资本主义圈钱的套路 关键是人家一件事能给你拖个半年 问就是流程中 圣诞假这个假那个假  ​,男,上海,20
斋藤飞鸟的现男友,02月23日 14:54,把90后00后当韭菜 职场就业问题上使劲剥削了 养老问题还要搞你 别欺人太甚 掀桌子打不赢 躺平不生还是有办法的 到时候没有后代的老龄化国家什么养老体系 伟大复兴 什么主义都是扯淡 只有腐朽 ​,女,四川,23
盘锦杨立山,02月23日 03:44,当今社会的问题表面上看是年轻人啃老、躺平、不婚、不育，而深层次的问题是高智商的年轻人沉迷于网络游戏难以自拔，他们像一只只胆怯的小老鼠躲在阴暗的虚拟的网络世界里不敢回归现实社会中来。愚昧无知的年轻人像一台台没有灵魂的机器冲刺在社会的每一个角落里学着他们父辈的样子在搞着形式主义！ ​,女,辽宁,25
梨花头_,02月23日 01:00,我从不相信横空出世的天才，处在当前这个时代，不应被所谓的“摆烂”和“躺平”假象迷惑，毕竟，我们大多都是“精致的利己主义者” ​,男,河南,23
娟儿肥,02月23日 00:37,新华时评·整治形式主义丨治理躺平需铲除根源土壤 公布躺平式干部名单干部干部，干字当头  ​,男,广东,20
tinwfmts,02月23日 00:10,三十多岁的人因为要开学焦虑到想大哭，所有的一切都让我焦虑，讨厌，讨厌的领导讨厌的同事讨厌的职场pua讨厌的形式主义讨厌的氛围，最讨厌的是做不到完全躺平的自己，还有责任心的自己。畸形的世界 ​,男,福建,20
第yi万次鹏然心动,02月22日 18:35,坚持锻炼身体对于一个自律性有点差的人真的有点难！但是也确实是想做的一件事，想做就做呗。这个怎么说呢？不登高何以见景。粉上鹏鹏之后考古呀包括周围粉丝发的东西。满满的给我感觉鹏鹏是个佛系躺平主义者。那实际呢！实际的话你看到是越来越美丽的丸子，体形健康也 ​,男,四川,18
无为客pra2023,02月22日 15:49,一个社会要想繁荣发展进步，必须承认并鼓励个人奋斗。如果多数人的奋斗无意义，得不到应有回报，那必然选择躺平。如果干好干坏一个样，结果就是形式主义大行其道，大家都选择应付差事。全社会都搞形式主义，结果就是经济社会的腐烂溃败。改革开放很重要的一点就是鼓励多劳多得，承认个人拼搏奋斗的价值 ​,女,中国澳门,26
新西兰黄金奇异果,02月22日 11:29,综合系统换一个低劣的主界面就是一次大升级，系统复杂又难用，BUG层出不穷，各类流程又臭又长，自以为是的领导拍拍脑袋指挥，不放权又想展现自己的所谓丰功伟绩，不断给基层加负，自诩稳中向好，实际官僚主义作风，一想到这些我就躺平，爱谁谁 ​,女,陕西,18
漫里风铃柚子,02月21日 19:46,为什么更喜欢追妻火葬场，因为酸感与甜感交互产生起伏不平的波动，刺激感官。普通的甜文就没有这种感觉，看的过程心静如水，实在太过单调。其实我也不咋喜欢大女主奋斗文，主要因为我是个躺平主义者，喜欢做天上掉馅饼的梦，做大女主斗来斗去感觉太累了，但是霸总漫里女主太娇弱小白花也很烦。 ​,男,广东,26
最靠谱的派大星哇,02月20日 19:48,吃饭呕吐吃饭腰痛热炕躺平腰痛+呕吐否极泰来给老子好  不许身体出现任何问题坚定的唯心主义者 ​,男,甘肃,23
苦中寻乐HJS,02月20日 14:27,现在中国是资本主义世界，下面人很难赚到钱，资本家整天想着怎么压榨员工。我们要学会反抗，躺平是没有办法的办法。去看看美丽的世界。 ​,女,安徽,26
一只可爱的小仙鹿,02月19日 21:42,陷进虚无主义的在现实里挣扎的却宁静而安详的幸福抑或感受到充盈着躺平的人 ​,男,福建,25
刘虞佳,02月19日 19:58,Weekly Vlog虽然还没完全升温，但看到已经立春，整个人心情都好很多三件套也得火速安排到位极繁主义每次出发前总要焦虑很久，好在都能卡着时间搞定hhh接下来就是回国后能好好休息的躺平快乐生活了～  ​,男,北京,20
风推一叶舟,02月19日 16:01,“十个扭转”，分别为根本扭转速度情结，扭转换挡焦虑，扭转造假冲动，扭转路径依赖，扭转“唯上”思维，扭转粗放模式，扭转功利主义倾向，扭转折腾做法，扭转“鸵鸟心态”，扭转“躺平”思想。 ​,女,山东,26
Lita啊,02月18日 23:19,婚姻其实非常考验两个人的三观，如果你是一个一心想努力奋斗上一个台阶的人，而另一方只想躺平，你们走不长远。如果你对财务规划清晰，消费理性，而另一方今朝有酒今朝醉，大手大脚消费主义，也不可能走长远。当爱情的激情褪去，婚姻就是平淡的过日子，两个人有共同的目标，相同的 ​,男,江苏,18
大-大飞飞,02月18日 22:21,上过杨杜老师的课，别开生面别具一格别有洞天，去年人大六君子和任老爷子重聚。在VUCA时代，人大六君子开年畅聊企业家和职业经理人如何坚守职业操守，如何不躺平，如何平衡，如何灰度管理。热爱，利他，坚持长期主义，创新向善（don't be evil）。熬过冬天才见春意。又下单了赫拉利《人类简史》 ​,女,日本,25
MannimMond-,02月18日 20:46,感觉自己真的是一个非常中庸的人 就是 和我一起做事的人不要吊儿郎当 但是如果自己是完美主义要求所有人也必须按他的心意做 我也觉得没有必要 可能我就是这样一个没有追求的人 躺平 不要催我干事情也不要让我催从小到大每次都是非常在意别人的看法忽略自己的感受 什么时候能改改 踢 ​,男,上海,19
混世小乐贼,02月18日 15:14,扭转迷恋于“造势一时”而不是“造福一方”的功利主义倾向，扭转决策“乱画饼”、落实“翻烧饼”的折腾做法，扭转刻意逃避、掩盖矛盾和问题的“鸵鸟心态”，扭转“为了不出事、宁愿不干事”的“躺平”思想，以湖南一地一域发展为全国全局发展作出更大贡献。『湖南省委下发通 ​,男,湖南,25
做减法的葱姑娘,02月18日 11:46,生活不是伊拉克吃子弹为了金钱奋斗就是奋斗，生活是平衡，躺平也是阶段性的。为了大彩电去伊拉克和四川贵州留守儿童家长区别不大，只能说资本主义洗脑成功，四川留守儿童世代留守循环成了社会大问题。这个作为征兵宣传，洗脑还是可以的。 ​,男,广东,25
编剧曾鸣,02月18日 11:23,满屏都是“开门红”，楼下偌大一片工地，只有一台挖掘机，象征性地开工。不管是公司还是单位，不过正月十五，难得有实质性的工作推进。抢红包，逗利是，大小饭局，轮庄举行。这不是形式主义，这是国情。但愿今年大环境向好，不再被动躺平。 在广东，这几天未婚的青年红包大丰收。 ​,女,广东,26
重庆学姐,02月18日 11:06,【：“访”出新重庆建设新气象】今年是现代化新重庆建设从全面部署到纵深推进的重要之年，建设社会主义现代化新重庆，要保持奋发有为的好状态，不“躺平”、不“休眠”。去年1月28日，上游新闻推出“开工暗访记”系列报道，多路记者奔赴渝中区、南岸区、长寿区、合川区、潼南区等区 ​,男,重庆,23
重庆商报,02月18日 11:06,【：“访”出新重庆建设新气象】今年是现代化新重庆建设从全面部署到纵深推进的重要之年，建设社会主义现代化新重庆，要保持奋发有为的好状态，不“躺平”、不“休眠”。去年1月28日，上游新闻推出“开工暗访记”系列报道，多路记者奔赴渝中区、南岸区、长寿区、合川区、潼南区等区 ​,女,重庆,20
上游视频,02月18日 11:05,【：“访”出新重庆建设新气象】今年是现代化新重庆建设从全面部署到纵深推进的重要之年，建设社会主义现代化新重庆，要保持奋发有为的好状态，不“躺平”、不“休眠”。去年1月28日，上游新闻推出“开工暗访记”系列报道，多路记者奔赴渝中区、南岸区、长寿区、合川区、潼南区等区 ​,女,重庆,25
上游新闻看点,02月18日 11:05,【：“访”出新重庆建设新气象】今年是现代化新重庆建设从全面部署到纵深推进的重要之年，建设社会主义现代化新重庆，要保持奋发有为的好状态，不“躺平”、不“休眠”。去年1月28日，上游新闻推出“开工暗访记”系列报道，多路记者奔赴渝中区、南岸区、长寿区、合川区、潼南区等区 ​,女,重庆,26
上游新闻,02月18日 08:51,【：“访”出新重庆建设新气象】今年是现代化新重庆建设从全面部署到纵深推进的重要之年，建设社会主义现代化新重庆，要保持奋发有为的好状态，不“躺平”、不“休眠”。去年1月28日，上游新闻推出“开工暗访记”系列报道，多路记者奔赴渝中区、南岸区、长寿区、合川区、潼南区等区 ​,女,重庆,26
大青海网,02月18日 07:07,我们无从考证，那些年画上的神仙们，或保卫一方平安，或专精于某一行业，或管理着一个领城。他们以各司其职的形象出现，仿佛是在提能大家，神仙尚且努力工作，我们也不能轻易躺平，就冲着这份传承下来的敬业精神和实用主义，用脚踏实地的努力，换来五谷丰登的收获。via ​,女,青海,19
冰糖脆柿,02月17日 15:08,不婚不生不买房 人一辈子在金钱上的烦恼直接少三分之二 面对工作躺平主义适当结合发疯文学 张弛有度只为自己考虑不为老板卖命 不好高骛远 有手脚就能找份临时而短暂的工作 实在干得不爽就跑路又不是憋屈的中年人要时时刻刻为养家糊口还房贷而操心 闲暇时提升自己多学一些知识开拓一些兴趣爱好 体验生活 ​,女,上海,19
程阿沧,02月17日 13:13,我常常觉得自己的生活一团糟，但那往往是因为我没有努力一点，再努力一点，我高喊所谓美好的共产主义，也不过是为自己懒惰找得的借口，我希望躺平，希望摆烂，希望不劳而获，我这样的人才是人类文明进化的绊脚石，社会本就是个大熔炉，弱肉强食，利益相争，适者生存本就是这个社会的规则，是我不思进取 ​,男,广东,26
Verbena-HLN,02月17日 13:02,这个光景 想做个鸵鸟也不容易啊 心无旁骛地把头扎沙子里 不闻不问真的需要内心足够强大多年前对犬儒主义和鸵鸟的批判到如今对躺平的包容及理解 是不是也算一种意识进步？最起码算是个不左不右的发展吧 科技发展 媒介多元化产生信息爆炸 媒介再批判信息带来的社会焦虑 说到底是在争夺话语权 作为一 ​,女,浙江,22
克己慎独Henry,02月17日 00:59,随着年龄增长 发现戒断现象也多了不想上班 想躺平 新年的第一个不开心 就是原本初九上班 愣生生被提前了一天 万恶的资本主义 那一天能给你搞个奔驰车轮子不 ​,女,河南,18
Liilu_lulu,02月17日 00:57,感觉最近老是会焦虑到说不出来一句话，老是感觉是因为自己的错所以对未来迷茫得要死，经常会觉得这个世界的走向和我想的不太一样，我的世界是一个巨大的理想主义，但是我又常常会困在自我证明的怪圈里，有时候感觉巨累巨躺平，但是又会突然活力一百倍，转念一想又会觉得什么都无所谓，然后下一秒又会要 ​,男,云南,24
怡宝瘦下来一定是大美女,02月16日 23:46,一定不能被消费主义洗脑 告诉自己一定不能被商家赚了我未来可以躺平的钱 我必须保持所有东西用完之后再买的原则非刚需不购买 不能囤货不能乱消费 所有东西都是自己用完了之后再买 没用完就保持一点没用完就坚决不买 这个心一定要狠 ​,男,吉林,19
王成-设计,02月16日 15:04,国家的责任不只是提升国力，让国民富裕、幸福，还应在价值导向上做出正确的引导并营造合理的健康环境。时下的现实主义盛行就让许多年轻人选择了“断亲”、“不婚”、“躺平”……。 ​,女,北京,22
怒江菜头风范,02月16日 14:42,。“最苦的人还是广大农村地区千千万万农民家庭出身的人口数量 ​,女,上海,22
HappyeverydayMzz,02月16日 10:30,想起最后一次认真的通话我跟他讲的内容是摆烂躺平两三年突然又被虚无主义击中了自己什么都做不到什么都不想要不敢要人生一团糟那时他几乎不发表任何意见只是冷冷听着聊到两人之间的关系说的都是已经这样了你知道我是什么态度现在就觉得很可笑嘛自己嫌弃自己向最亲近的人倾诉自己而对方却在 ​,男,浙江,18
随手喂可乐,02月16日 05:14,又到了年度例行问天公（问平安）的时候了，我妈让我妹问我今年有啥要问天公的吗，我说没什么要问的，感情方面目前是把结婚剔除人生计划（虽然我也不敢说我是坚定的不婚不育主义），事业方面完全躺平。人生无欲无求，对于常规的人生选项毫无期待，真的没有什么需要抉择的事情了，现在只想要遵循内心，去 ​,男,广东,19
烂鱼J7,02月15日 22:56,📑新年进步 万事周全1.用结果来完成计划 2.提高行动力3.保持专注 丰富精神世界 4.做个长期主义者布局2024每三个月一次flag.春 （Fed. Mar. Apr.）健康及健身第一位！▫️体脂率降低  塑形 ▫️气血调理▫️多长头发▫️解决额头上快20年的疤▫️还有两次超光子事业 躺平固然快乐 但不贪 ​,男,河南,25
辛思亮,02月15日 14:38,凡是强烈要求关闭电商的，指责质量差的，都是二道贩子，中间商赚不到差价能不骂娘吗？凡是鼓吹正能量的，劝买房子生二胎的，都是画大饼的；房子、车子，不如票子；股票基金全是圈钱忽悠的，个体实业就是挣扎在温饱线上的小业主；鼓动内卷的都是喜欢内耗的政客，害怕躺平的是官僚资本主义，担心大家不卖 ​,女,辽宁,22
百原子,02月14日 19:04,好羡慕小森林里市子的生活状态 就是我向往的极简主义的躺平生活 不过 电影终究是电影 或许我根本没办法忍受极致的漫长的冬天孤独和一个人春种秋收的生活 但是还是被那种宁静治愈 如果能逃离一切人际交往 把自己藏起来 就好了 ​,男,广东,19
柳叶安安,02月14日 16:21,我不是一个女权主义者，我不觉得《热辣》一部女权主义的电影，就像我也不觉得《飞驰》一个女性角色也没有就是部男权片了。生活中三四十岁一身痴肥躺平打游戏啃老的，男性比女性多（不信可以去网吧看看）。只不过贾玲是个女导演，她把这个角色换成了女性。我觉得男性同样可以从《热辣》影片里面吸取力 ​,男,上海,21
可爱老慢的绿杨,02月13日 09:40,看贾玲新片简介 已经热血沸腾，在这个“躺平”主义节点，还是需要励志的清流。本身贾导兼主演自减百斤的事实，足以说明点什么，支持贾导，影院见 ​,男,上海,19
-幸甚至哉-,02月12日 23:31,看完飞驰人生2，一个感觉就是这风格很韩寒。记住了两句台词：“那不是躺平是跪着”“不是结束了只是我接受了”。核心三个字：往前开。保持住心气，往前走，能证明自己的只有自己，能力才是硬道理。“世界上只有一种真正的英雄主义！那就是认清生活真相依旧热爱生活。”最后，想起一句诗：欲买桂花 ​,女,福建,24
流浪BKK_,02月12日 20:13,看热辣滚烫，越到后面越有种主角，包括贾玲被活生生剖开来的感觉。我最羡慕的就是勇敢这种特质，对我这种躺平主义的人来说都很… 看完出来听到我弟说不能理解女主的动机感觉这个电影的完成度又加了几分（。自我和自由都好难啊 ​,女,四川,26
仙道眳,02月12日 11:29,不婚不生不买房 人一辈子在金钱上的烦恼直接少三分之二 面对工作躺平主义适当结合发疯文学 张弛有度只为自己考虑不为老板卖命 不好高骛远 有手脚就能找份临时而短暂的工作 实在干得不爽就跑路又不是憋屈的中年人要时时刻刻为养家糊口还房贷而操心 闲暇时提升自己多学一些知识开拓一些兴趣爱好 体验生活 ​,女,辽宁,20
有容无,02月12日 10:48,不婚不生不买房 人一辈子在金钱上的烦恼直接少三分之二 面对工作躺平主义适当结合发疯文学 张弛有度只为自己考虑不为老板卖命 不好高骛远 有手脚就能找份临时而短暂的工作 实在干得不爽就跑路又不是憋屈的中年人要时时刻刻为养家糊口还房贷而操心 闲暇时提升自己多学一些知识开拓一些兴趣爱好 体验生活 ​,男,河南,25
浪大浪打浪哒浪,02月12日 01:45,关于我理想主义的幻灭与神化，归来仍然是少年，，，么。。。还是躺平摆烂泯泯于众人 ​,女,上海,23
猪肉肠粉要加粿,02月11日 23:52,热辣滚烫好看，充满赤诚与克制的表达。越来越不相信努力，只想躺平的当下，还有人愿意以身入局诠释改变与努力，近乎是普罗米修斯取火，古典的英雄主义。表达克制，是因为结局贾玲还是输给更专业的对手，故事励志但是不失真，没有神话鼓吹改变与努力的力量。喜欢里面关于训练的长镜头，时间如镜，贾玲 ​,男,广东,24
小米爱大白1314,02月11日 16:56,我的评分：感谢组织看春节期间看到的最棒的一部电影，现实主义题材，女主的遭遇可谓悲惨，一次次把她打到谷底，好在她勇于走出躺平的摆烂人生，彻底改变了自己，非常的励志和正能量。而贾玲带给我们的 ​,男,,24
肉蓉S,02月11日 16:52,我的评分：《第二十条》真挺好看的～从小作为“依赖者”、“被供养者”活着，我挺躺平的，觉得社会议题跟我没关系……直到作为女孩，不可避免地接触女性主义，亦或是电影讨论的法律议题，才明了：如果不去思考、不去质疑、不去发 ​,男,浙江,18
收集云彩的造梦者,02月10日 15:46,毕业到现在的两年完美贯彻了躺平主义 几乎不工作 没钱在家躺有钱出去玩 要珍惜剩下的三个月自由 ​,男,天津,18
地球主义JoyrootsPlanet,02月10日 14:15,怎样用最好状态迎接新年？守岁到深夜起不来天寒地冻不想洗头假期躺平想睡懒觉龙年的幸福感从大年初一多睡半小时开始-地球主义桃桃免洗蓬松喷雾免洗去油，轻松省事省时间一喷蓬松，随时随地凹造型温泉水感，保湿柔顺不干 ​,女,云南,25
紫樱草L,02月10日 05:49,勇敢的人先享受世界我俩爱好太一致，喜欢浪迹江湖，就爱从别人活腻的地方到别人活腻的地方马杀鸡、泡脚、躺平观山海世界留给先享乐主义只要我们不肯吃苦那是一点苦不用吃  ​,男,湖南,25
岁寒知_松柏,02月09日 21:10,前两天在镇政府民政所的堂弟过来聊天，他一个基层的人，担忧的事和各个投资群的人竟然完全一样，包括形式主义、躺平、火箭军、统计做假之类的。我感觉认识的每个体制内基层的人，及一些读了点书有些见识的生意人，现在的想法及茶余饭后的话题都是一致的。我说，如果大部分人都预期和担忧的事，一般而 ​,女,广东,26
李雪含的生活笔记,02月09日 13:48,【摆在你面前的只有两种选择，要么躺平，要么长期主义，功成不必在我。】从家族的角度来讲，就是积累资源给到下一代，甚至更后的人，等到家族出人才。积累是为了不公，不公是为了抵御风险。 》: ​,女,广东,23
qycc74,02月09日 13:11,讨厌过年过节，越来越，，形式主义多种多样，就是累，劳民伤财！不知道都是谁这么欢乐爱过年过节，我只想躺平睡觉 ​,男,天津,26
一个浪漫射手,02月09日 13:07,射手座很浪漫，很理想主义，又颓，又独立，又丧，又自由。灵魂躺平肉体搬砖，具备很强的共情能力，犹豫且果断，理性且感性。 ​​​,男,江西,23
映水藏星,02月08日 22:00,🍑🤲谁能想到这只蜜桃小猪接下来会发表一番大隐隐于市的极简主义言论？各守麋鹿志，耻随龙虎争。小哥哥不是躺平，是打扫干净屋子再休息，是向着退休生活努力的低欲望行者，是在上海有房年薪二十万以上的家里蹲青年，是一个与全世界对抗的棱角分明的佛系猪包，也是一个默默无言照顾姐姐的做家务小 ​,男,新疆,19
全北北,02月07日 10:53,人想存活的本能无疑比你自己想象的要更强韧 无论何种病症 时间久了定会习惯 甚至开始期待光临 诸如“原来你还在啊”之类的感叹 也时常伴随厌恶暴躁等反面情绪 与其对抗倒不如躺平 大举和平主义使者权杖 与之共生达至平衡 ​,男,新疆,21
大吴虾,02月07日 09:57,诶嘿躺平主义万籁俱寂！ ​,男,福建,22
蛊思通,02月07日 07:50,今天看到一句话“人生不需要有意义，有意义的是对生活的体验”。初看时觉得这又是躺平文化的一波输出，又在倡导及时行乐的当下主义，是无良营销号安抚老百姓不甘内心的一剂镇静剂。但细想下似乎是我着相了，谁也未曾定义对生活的体验，只局限于侥幸的享乐和片刻的欲望实现，苦难与折磨，奋斗与拼搏， ​,女,山西,23
Enlightenmeplease,02月06日 22:47,我太想躺平在加州了，可惜估计还要被美东套牢几年，sigh每次跟人聊天儿遇到的都是觉得美东重人文重教育加州只有新贵味没有文化底蕴的…奋斗b？elites…？让我这个躺平享乐主义者根本不好意思说我就喜欢去肤浅的西边在沙滩上玩泥巴既不需要养小孩重教育，美东的建筑风格和冬天又让人觉得压抑，我应 ​,男,美国,20
蔡雅奇刑法,02月06日 14:45,辞职九年后再看还在公检法的他们。说的挺可观，其实体制内几乎都如此，并非公检法才这样。在网络上集体消失、“护短”的领导越来越少、形式主义愈发严重、躺平的越来越多。 ​,女,广东,18
酸黄瓜遛狗-画渣版,02月06日 12:52,焦虑到四肢发麻，都快出现躯体化症状了但还是支楞不起来，缺乏长期主义精神，行动力丧失人真的不能长期躺平，还是行动起来会让人充满希望和积极感，只能从一些小事着手看能不能拯救一下发烂发臭的自己 ​,男,海南,19
-MirroredHeart,02月06日 12:46,我是消费主义逆行者  除夕上班 年夜饭不吃 大年初一宅家躺平  直接极简掉过年 我已经赢了全中国99.9%的人 ​,男,上海,23
中青文阅读,02月06日 10:08,物质愈加丰厚，精神反而空虚；信息过于繁杂，心灵却不轻松。在每一个有闲思考、有空躺平的日子里，《成为极简主义者》。适时调整，然后从容前行... ​,女,北京,21
Antheagwen,02月05日 20:56,清穿日常 一部打着女性主义结果莫名其妙抹黑女主情敌让女主躺平的文 ​,男,江苏,21
心在宇宙遛弯er,02月05日 20:49,麻木的忙碌和形式主义的应和可能比躺平的危害更大，躺平带来的结果最多就是零，而麻木和形式主义带来的可能是负数，它消解了种种活力和朝气，最终也使得那些宏大的宣扬毫无意义，甚至让人避而远之。 ​​​,男,浙江,21
U设计周,02月05日 11:40,👀让小U看看还有没有UU坚守在岗位上“我最大的能耐就是躺着不动。”-卡夫卡“Dolce far Niente”意大利语“无所事事的甜蜜，或甜蜜的慵懒”，即闲适之乐。19世纪下半叶著名艺术家创作的许多18世纪绘画作品的标题。本质上，就是无所事事，享受生活。是上世纪末期上层社会的一种慵懒生活状态。 ​,女,浙江,19
资深业内混混,02月05日 08:22,作为形式主义泛滥第一大区的一名默默无闻的普通职工，我们唯一能做的就是躺平 ​,女,北京,21
suda鱼子酱,02月04日 10:45,躺平主义 ​,男,湖北,20
脆的persimmon,02月02日 17:06,亲爱的可爱的各位家人们，真的建议各位多看英剧！本人看crazy rich asians的时候满脑子都是md我赚一辈子钱也玩不起他们这些啊 美剧也经常有精英主义桥段创到躺平的我。但是最近看杀死伊芙里面真的每个人各有各的不正常…让我觉得世界是个草台班子 我已经很幸运很正常了… ​,男,美国,25
Yu叶叶蔡,02月02日 16:16,按照我的理解，“躺平”就有休养生息的意思，也就是一种休息方式 有句话说得好，“不会休息的人就不会工作”！还有句话也很经典:“不为难别人就是最大的善良”，自己躺平了也就不可能去为难别人了 在形式主义官僚主义泛起的时代，面对形式主义的无用功采取躺平的姿势，就是不参与为难别人，就是对形  ​,男,江西,21
罗辑老师,02月02日 09:28,现在盛行的躺平其实根本不是什么保守主义，而是年轻人用最激进的态度来拒斥几乎一切现代经济活动，低消费，低竞争，完全不参与各类金融活动，为的就是对抗各路牛鬼蛇神制造出来的“骗局”，用最激进的态度保卫自己已有的生产资料。理解了躺平背后的激进，才能理解那些声嘶力竭怒斥躺平的人是什么面目。 ​,女,江西,20
水晶与强尼一无所有,02月02日 09:19,虽然是儿童剧，但是我觉得如果把这些儿童演员全换成大人，也是一部挺好的剧。短短一小时十分钟里讲了很多主题，如躺平、电子垃圾的滥用和AI的生命资格。“爱可以发电”的设定来传递一种理想主义也是挺不错的。AI的两个领袖，IBAD99略显阴鸷，贝塔狗仍然寻求希望，性格鲜明，演技 ​,男,上海,20
十号线后续,02月01日 19:41,放假极简主义者只有一包死沉死沉的行李今年第一句新年快乐是唐主任说的回家后直接躺平 ​,男,河北,21
玫瑰不吃姜-菱纱版,02月01日 12:37,也别动不动就什么反思券，我们真的也差不多。快速的工业化和城市化，生活水平显著提高的同时，功利主义，物质主义冲击着个体内在精神世界，内心和外部的矛盾是加剧的，人文主义的缺失，让很多人处理不了这种内外矛盾，什么内耗焦虑躺平抑郁就是表现。 ​,男,重庆,23
江星尘淡定看世界,02月01日 12:29,也别动不动就什么反思券，我们真的也差不多。快速的工业化和城市化，生活水平显著提高的同时，功利主义，物质主义冲击着个体内在精神世界，内心和外部的矛盾是加剧的，人文主义的缺失，让很多人处理不了这种内外矛盾，什么内耗焦虑躺平抑郁就是表现。 ​,女,四川,26
芝芄糖,01月31日 22:28,我毁了我自己出于病态的完美主义好高骛远眼高手低我连面对60分80分平庸的自己这点的勇气都没有心安理得的躺平得了0分于是进入负循环他人：你是有能力的啊😦为什么不做呢？我：不不不你高看我了（惶恐）因为怕丢脸丢哪门子的脸，努力才不丢脸不能正视他人努力的我才应该羞愧 ​,男,广西,18
-田中小百合-,01月31日 04:13,救命啊联合国为什么也会加班到半夜11点啊…我只想躺平说好的公共部门官僚主义不作为呢 ​,女,肯尼亚,18
疾风中青勁草,01月31日 00:59,我一直以来都説，香港不用建那麽多公屋的，在香港这彈丸之地已经🈶八十多万套公營房屋，豈有不夠之理？公屋建太多，福利太多，直接会讓香港成为福利主义社会，基层躺平，中层死心，资本家没有可用之人，对社会和經濟發展並不是好现象！在利用公帑建公屋也好，臨时公屋也罷，先把公屋的富户，濫用 ​,女,中国香港,24
爱吃豆腐的yuuu,01月30日 22:57,在仅限的工作日子里挽回自己亏损的工资 不让资本主义家多榨干我一分钱✍🏻孕晚期喏 真的坐不住了 此刻我想改姓葛 我想躺平… ​,男,,26
小盘古,01月30日 21:43,1⃣今‮生年‬意好做吗？你对未来信心是更足‮是还‬疲软？​‎ ͏ 2⃣明年准备和老板‮加提‬薪吗？跳槽涨薪‮固的‬有模式‮得还‬以持续吗？3⃣今年的投资‮意满‬吗？亏得麻木‮，了‬用躺平‮行践‬长期主义了吧？4⃣今年‮钱花‬是不是更‮慎谨‬了？不‮花敢‬钱的真实理由‮什是‬么？ ​,女,云南,23
六尺七寸的小朋友,01月30日 11:21,大学才是赛跑，才是应该积极进取的一个阶段，而不是躺平主义者。离校后一个突然悔悟！ ​,男,河南,18
布尔费墨,01月30日 09:24,有人说“资本主义”国家，有“民主自由”。事实上日本这种国家，严格限制民间资本创业，议员高官首相世袭，人民能做的事情非常少。一点也不资本主义，不民主，不自由。日本人为什么躺平绝望？因为能发财致富的通道全都被堵死了。就这样的监狱国家，被公知吹嘘成“自由”。很多这些日本政府限制 ​,女,上海,26
zz日常发疯,01月29日 15:02,真搞笑，一些从小的卷王精致利己主义者，卷到顶了卷不动了，发现了天赋家庭背景智商能力的限制，于是开始宣称躺平享受生活巴拉巴拉的，什么放弃效率规划 ​,女,河南,25
伯阳先生-段本司,01月29日 08:19,在我评论区里面宣扬女权主义、仇视男性仇视儿童仇视家庭、宣扬自由主义的女拳师以及嚷嚷着结婚坚决不给彩礼、男女平等所以养孩子必须AA、社会不公平不如早点躺平的男屌丝在我看来都是没出息的社会垃圾都会被我一键拉黑汉奸殖人更不用说了，那是死罪还有哪些物种需要拉黑的，你们也帮我想想 ​,女,上海,19
孤雁与沙鸥,01月29日 06:49,今年是Thomas Mann的那本杰作”The Magic Mountain” 发布的一百周年。故事发生在瑞士达沃斯的某个疗养院（记录主人公在阿尔卑斯山区疗养院里的七年躺平生活），作者用微型方式重塑了一战即将打响前的世界。疗养院的病人中有代表自由人本主义的；有代表右翼保守主义的；也有受十九世纪末怀疑主义 ​,男,四川,21
MercuryChocolate,01月29日 01:04,才发现自己已经在完美主义的陷阱里躺平了 ​,男,辽宁,19
可用透鏡,01月28日 23:22,虽然犬科也可爱但小凡好适合兔塑啊 安静地接受了一切也没什么反抗意识（竖中指不算）官网上说凡实用主义又坚忍 觉得没意义就放弃躺平省略掉不必要的步骤 跟兔子一样能忍不到最后不叫出声 就好萌 ​,男,浙江,21
小滕滕快跑,01月27日 19:58,非常完美且丰富多彩的一天～盖章了很健康只是单纯的吃得多，发现了新的很好逛的商场并且抓了很多的娃娃，电影很有意思且共鸣了一把理想主义，偶遇了小伙伴并且带我们发现了一家很好吃的贵州火锅下一站，回家躺平！！ ​,男,上海,26
仁爱青少年之家黄怀宁,01月27日 11:03,躺平时代：不可不知的自我成长十大定律:一个人的成长是不容易的，一路上会受到许多伤害，尤其原生家庭有意无意的摧残，制造了一大批有心理问题和人格不全的人，加上社会的原因，出现了躺平一族，单单修复这些问题就可能耗掉一生。要想自我疗愈，必须遵循 自我成长十大定律。一、一切 ​,女,安徽,18
我的未来97621,01月26日 16:49,我发表了头条文章:《《整治形式主义丨治理躺平需铲除根源土壤》》  ​,男,福建,19
我的未来97621,01月26日 16:47,我发表了头条文章:《《整治形式主义丨治理躺平需铲除根源土壤》 ​​​》  ​,男,福建,19
积雪的小窗户,01月26日 02:50,我说有些人别太有病，加班到凌晨三点才让人回家，第二天九点还要去开会，我都不明白有些人的完美主义为什么要残害我们，所以认真做事的人就活该被压榨是吗？怪不得体制内这么多人摆烂躺平呢，因为摆烂的人可以永远不做，以后我就是那个我曾经讨厌的摆烂的人 ​,男,,22
Wininspring,01月25日 15:19,河南南阳火灾灰烬未冷，江西新余又大火燎原……一桩又一桩特大事故接踵而至，折射出了目前管理水平的低下和管理当局的混乱，当所有的绅僚都开始躺平式工作，当所有的当权派都形式主义，说空话，讲屁话，谈白话，这个社会还有救吗？ ​,女,四川,18
福报KOC,01月25日 12:55,上对下，或者下对上的过度问责和权责不对等带来的就是形式主义和躺平，形式主义是为了免责，我什么都做了，尽职免责了吧？而躺平是不求有功但求无过。放手去干，那是多做多错，因为不可能万无一失。现在风气哪哪都是，追求完美不能丢分，比如孩子上学，100分才正常，99分，是哪一题做错了？为什么会 ​,女,浙江,25
我的未来97621,01月25日 11:41,发布了头条文章：《整治形式主义丨治理躺平需铲除根源土壤》   ​,男,福建,23
原来是酸菜呀,01月24日 20:37,有点癫的受，连被包养都是他主动求来的，为的就是早日躺平，摆脱资本主义的压榨，当然，实际上他只是换了种被“压榨”的方式。金主养他是为了怀念自己曾经的爱而不得，受长得和那个人有几分相似，受在被当做疯子赶出去之前恰巧撞见了攻，被留了下来。受也很意外自己竟然成功了，决定大展身手让攻觉 ​,女,山东,19
不冰镇小豆凉糕,01月24日 17:23,「这不就是这个时代的主旋律？你想要努力，你想要抗争，但动力不足，最后你卡在那个夹缝里。」「现在有年轻人在试图反抗优绩主义吗？躺平就可以吗？」陈铭还是陈铭，用新国辩的票去传达对于某种价值观的认可，从某种程度上决赛近几年没那么精彩确实是因为大家在意胜利胜过这项竞技本身的意义，很震撼 ​,男,上海,22
荒诞马戏团团长,01月24日 15:08,中午，高中同桌来找我吃饭。十几年没见了，大家都是小时候样子，脱发发胖版。我们先是感慨外企实惠，他在美国大厂，压力小，工作轻，福利好，薪资高，每个人都在努力假装好好工作，标准的资本主义大锅饭。除了担心被裁，其他都很舒服。再是感慨40岁后，同学们纷纷躺平。他太太前几年就辞职在家全职 ​,男,北京,19
酒啊酒小酒,01月23日 07:44,熬过今天的各类考核，忍过形式主义的说教，就差不多可以躺平了吧  ​,男,广东,24
宅着参透人生,01月23日 07:42,虽说每天以节能主义为生活准则，但是谁又不喜欢那些充满生命能量的人呢！有生命力的人躺平叫松弛。没有生命力的人躺平是死鱼啊。 ​,男,浙江,26
清汤锅天下第一,01月22日 21:13,下次领导再嫌弃我工作态度不积极当一天和尚撞一天钟不思进取享乐主义躺平态度请假频繁，我就把我薇的工作室账号给他看，让他知道知道我有多难得。 ​,男,北京,25
我是林小仙,01月22日 09:46,可怕的大数据，今天推送给我的都是“为什么完美主义者容易抑郁？”“你用躺平对抗你的抑郁”。。。。。。 ​,男,福建,20
三倍玉黛林,01月22日 09:04,人的局限之处是只能理解自己就像新闻热点 一段时间批评躺平 一段时间又批判优绩主义大家没有想法 只是紧跟着热点 助力媒体人刷kpi 手指按转发的时候，有没有想过“为什么呢”少被舆论左右 想成为什么样的人 就用什么标准要求自己允许别人做别人 允许自己做自己 ​,男,北京,25
薄荷奶绿_mint,01月21日 17:46,发现自己是个很容易感到腻的人。追星久了会腻，进入冷淡期。躺平久了偶尔也会想卷一下，卷久了当然也是扛不住的。某段时间疯狂听思辨性的、女性主义的播客，听到自己都厌烦了，觉得自己好像在接受教育，必须得停下来看点无脑乐子平衡一下。过段时间再听，又充满斗志。好像无法一直坚持做某件 ​,男,浙江,18
牛a与牛c,01月21日 12:00,德鲁克说嬉皮士反应的是一种年轻人存在主义式的困境，今天所谓的躺平也差不多吧。 ​,女,上海,20
Fafa酱是小太阳喔,01月19日 23:05,感觉自己是嘴上说着想躺，但心里却想极度往上卷，想出头的人，在某些事情的刺激点才能意识到自己最真实的性格。可能优绩主义才是我自己的舒适圈，不想躺平，想通过努力得到一切想要的 ​,男,北京,20
好运逍遥子,01月19日 18:13,粉丝投稿 很有意思的故事 请大家一起看看：一个男人，有女朋友，快结婚了，却还没房没车（除非家里中途有生重病这种变故）基本上也就知道他父母是啥样的人了父母绝对的利己主义，只顾自己舒服，完全没想过自己生是的男孩，不努力只躺平。没办法为儿子规划未来，自己只觉得“儿孙自有儿孙福”， ​,男,江苏,19
--陈老大,01月19日 11:04,三年不喝湘江水，十年不食湘江鱼，如今我们欠先辈英烈一个交代！现在，有多少党员干部在搞私有化？在资本主义道路上狂奔？在打着改革的旗号损害群众，在打着开放的旗号出卖国家？有多少党员干部在躺平不做事，或者在欺负贫苦百姓？他们对得起两千多万死去的先烈吗？『三年不饮湘江水，十年不食湘江鱼 ​,女,广东,25
进击的餐券,01月18日 23:33,对这对资本主义南铜失望了，奖拿全了所以不用再费力卖了，行吧，养老躺平吧（慢慢把存稿发光，还不卖我也躺了） ​,女,辽宁,23
北岛哥哥,01月18日 16:57,一个男人，有女朋友，快结婚了，却还没房没车（除非家里中途有生重病这种变故）基本上也就知道他父母是啥样的人了父母绝对的利己主义，只顾自己舒服，完全没想过自己生是的男孩，不努力只躺平。没办法为儿子规划未来，自己只觉得“儿孙自有儿孙福”，“养到大就够了未来的路自己闯”而父母的兄 ​,女,山西,18
森林狼咨询-数字化成就百万梦,01月18日 12:20,公❤️务❤️员也要签订劳动合同，砸碎目前仅剩的铁饭碗，让只会搞形式主义的人和“平庸的躺平者”，退出体制，取消劳保双轨制，才能真正改变营商环境！【2024，打破铁饭碗】2024年开始，一些背靠地方财政的“铁饭碗”正在被打破。1月7日，《北京日报》开篇以一句“教师不再是铁饭碗”，打着 ​,女,辽宁,19
锋星0,01月18日 08:50,在台海局势生变，亟须采取相应措施，推进祖国统一大业的背景下，胡锡进突然抛出“边界论”，目的无非是为了制造幻想，涣散中国斗志，似乎我们不必对美国的霸权主义政策采取针锋相对的斗争，美国到了“边界”就会自动停下来，我们吃瓜、躺平就行了。胡锡进的这种论调，究竟是要麻痹谁呢？胡锡进是在帮谁 ​,女,辽宁,23
彭三省pro,01月17日 21:09,看完了罗平汉老师的《“大锅饭”：农村公共食堂始末》，这本书把大锅饭从头到尾讲述了一遍，我的感受：完全的平均主义是反人类的，不同的劳动得到相同的东西，只能导致躺平，所以才会有包产到户之后的改革开放。这才是符合人性的。 ​,女,,24
啊难866,01月17日 19:14,一个男人，有女朋友，快结婚了，却还没房没车（除非家里中途有生重病这种变故）基本上也就知道他父母是啥样的人了父母绝对的利己主义，只顾自己舒服，完全没想过自己生是的男孩，不努力只躺平。没办法为儿子规划未来，自己只觉得“儿孙自有儿孙福”，“养到大就够了未来的路自己闯”而父母的兄 ​,男,,22
鄧草木生,01月17日 16:47,转。一个男人，有女朋友，快结婚了，却还没房没车（除非家里中途有生重病这种变故）基本上也就知道他父母是啥样的人了父母绝对的利己主义，只顾自己舒服，完全没想过自己生是的男孩，不努力只躺平。没办法为儿子规划未来，自己只觉得“儿孙自有儿孙福”，“养到大就够了未来的路自己闯”而父母 ​,女,,19
林白雪ss,01月17日 13:16,一个男人，有女朋友，快结婚了，却还没房没车（除非家里中途有生重病这种变故）基本上也就知道他父母是啥样的人了父母绝对的利己主义，只顾自己舒服，完全没想过自己生是的男孩，不努力只躺平。没办法为儿子规划未来，自己只觉得“儿孙自有儿孙福”，“养到大就够了未来的路自己闯”而父母的兄 ​,男,浙江,20
Dylan帮主,01月17日 01:34,先让老师专心教育，而不是教育外都工作吧。成天搞形式主义，害了老师，也害了孩子。 ​,女,广东,21
奶油都化了,01月17日 00:10,真服了 天天就搞形式主义 是一点也不考察下面实情 天天搞那些有的没的 专家只怕是被一些别有用心的二鬼子渗透了 还是那句话跪着的老师教不出站着的学生 ​,男,河南,19
阳星2019,01月17日 00:07,"资本主义的特点就是保持大量的失业人口,从而可以任意剥削在岗员工。 ​",女,广东,24
是柚子不是梨呀,01月16日 22:49,一天到晚忙得要死还有各种形式主义表面工作咋躺平我请问？？？ ​,男,河南,24
清新de柠檬草,01月16日 22:46,现在的年轻人很多都是不婚主义者，不想结婚不想生孩子，以后的人口出生率肯定是一年比一年低了，没那么多学生自然就不需要那么多老师了，上面应该就是这么个意思。就跟现在的银行员工一样，房地产火的时候，银行多牛B呀，现在呢，我们这儿的好多支行都合并了，大批 ​,男,山东,22
重生丶爱依旧未变,01月16日 22:44,教师躺不躺平不知道，校领导以及年级主任布置起来形式主义的任务可是从来不手软，实事没有全是虚的，这些畜牲才应该退出！应该说滚！ ​,女,北京,20
作死先锋侠,01月16日 22:26,到底是躺平还是内卷，尤其是基层的老师甚至其他职业，到底谁躺平是真的没点逼数吗？ ​​​各种形式主义的考核，各种无意义加班，真的好笑，使劲作。 ​,女,广东,18
靠谱同学旧框框,01月16日 21:58,越管越拉不如管管形式主义。不是老师都心累。 ​,男,河南,19
令人痛苦的事情真的太多了,01月16日 21:44,真正要整治的是不停让老师们做的教学之外的那些工作！！！形式主义的报告，一个又一个检查，各种乱七八糟的。普通老师网络上爆出来那么多压力大的，根本不能回归教育本身。退出的能是谁，真的是那些混饭吃的领导，关系户吗？别只欺负新老师吧到时候。 ​,男,浙江,22
抹日和茶,01月16日 21:27,我们是形式主义的接班人 ​,男,重庆,21
会魔法的朝夕,01月16日 21:14,讨厌所有的一切的形式主义 ​,男,山东,22
我觉de你说得对,01月16日 21:13,领导找你干非教学的活你干吗？教育被形式主义糟蹋什么样了，好嘛有了领导一言堂的考核机制，又来个退出机制，最后退出的当然还是没有背景的普通人，毕竟投票是进小黑屋统计的 ​,男,浙江,26
